anio,variable,unidad,prod_crudo,regalias,mecon,sesco,anuario_combustibles,sec_energia,crudo_eia
1911.0,Producción de crudo según distintas fuentes,barriles,12579.599999999999,,,,12579.599999999999,,
1912.0,Producción de crudo según distintas fuentes,barriles,44028.6,,,,44028.6,,
1913.0,Producción de crudo según distintas fuentes,barriles,132085.8,,,,132085.8,,
1914.0,Producción de crudo según distintas fuentes,barriles,276751.2,,,,276751.2,,
1915.0,Producción de crudo según distintas fuentes,barriles,515763.6,,,,515763.6,,
1916.0,Producción de crudo según distintas fuentes,barriles,867992.3999999999,,,,867992.3999999999,,
1917.0,Producción de crudo según distintas fuentes,barriles,1207641.5999999999,,,,1207641.5999999999,,
1918.0,Producción de crudo según distintas fuentes,barriles,1352307.0,,,,1352307.0,,
1919.0,Producción de crudo según distintas fuentes,barriles,1327147.7999999998,,,,1327147.7999999998,,
1920.0,Producción de crudo según distintas fuentes,barriles,1647927.5999999999,,,,1647927.5999999999,,
1921.0,Producción de crudo según distintas fuentes,barriles,2056764.5999999999,,,,2056764.5999999999,,
1922.0,Producción de crudo según distintas fuentes,barriles,2861859.0,,,,2861859.0,,
1923.0,Producción de crudo según distintas fuentes,barriles,3333594.0,,,,3333594.0,,
1924.0,Producción de crudo según distintas fuentes,barriles,4660741.8,,,,4660741.8,,
1925.0,Producción de crudo según distintas fuentes,barriles,5987889.6,,,,5987889.6,,
1926.0,Producción de crudo según distintas fuentes,barriles,7849670.399999999,,,,7849670.399999999,,
1927.0,Producción de crudo según distintas fuentes,barriles,8629605.6,,,,8629605.6,,
1928.0,Producción de crudo según distintas fuentes,barriles,9069891.6,,,,9069891.6,,
1929.0,Producción de crudo según distintas fuentes,barriles,9390671.399999999,,,,9390671.399999999,,
1930.0,Producción de crudo según distintas fuentes,barriles,9000703.799999999,,,,9000703.799999999,,
1931.0,Producción de crudo según distintas fuentes,barriles,11705317.799999999,,,,11705317.799999999,,
1932.0,Producción de crudo según distintas fuentes,barriles,13139392.2,,,,13139392.2,,
1933.0,Producción de crudo según distintas fuentes,barriles,13692894.6,,,,13692894.6,,
1934.0,Producción de crudo según distintas fuentes,barriles,14026254.0,,,,14026254.0,,
1935.0,Producción de crudo según distintas fuentes,barriles,14296715.399999999,,,,14296715.399999999,,
1936.0,Producción de crudo según distintas fuentes,barriles,15460328.399999999,,,,15460328.399999999,,
1937.0,Producción de crudo según distintas fuentes,barriles,16353479.999999998,,,,16353479.999999998,,
1938.0,Producción de crudo según distintas fuentes,barriles,17076807.0,,,,17076807.0,,
1939.0,Producción de crudo según distintas fuentes,barriles,18611518.2,,,,18611518.2,,
1940.0,Producción de crudo según distintas fuentes,barriles,20605384.799999997,,,,20605384.799999997,,
1941.0,Producción de crudo según distintas fuentes,barriles,22014300.0,,,,22014300.0,,
1942.0,Producción de crudo según distintas fuentes,barriles,23706256.2,,,,23706256.2,,
1943.0,Producción de crudo según distintas fuentes,barriles,24832130.4,,,,24832130.4,,
1944.0,Producción de crudo según distintas fuentes,barriles,24228309.599999998,,,,24228309.599999998,,
1945.0,Producción de crudo según distintas fuentes,barriles,22882292.4,,,,22882292.4,,
1946.0,Producción de crudo según distintas fuentes,barriles,20800368.599999998,,,,20800368.599999998,,
1947.0,Producción de crudo según distintas fuentes,barriles,21844475.4,,,,21844475.4,,
1948.0,Producción de crudo según distintas fuentes,barriles,23221941.599999998,,,,23221941.599999998,,
1949.0,Producción de crudo según distintas fuentes,barriles,22586671.799999997,,,,22586671.799999997,,
1950.0,Producción de crudo según distintas fuentes,barriles,23460954.0,,,,23460954.0,23460954.0,
1951.0,Producción de crudo según distintas fuentes,barriles,24464806.08,,,,24467322.0,24464806.08,
1952.0,Producción de crudo según distintas fuentes,barriles,24819550.799999997,,,,24819550.799999997,24819550.799999997,
1953.0,Producción de crudo según distintas fuentes,barriles,28501599.72,,,,28499083.799999997,28501599.72,
1954.0,Producción de crudo según distintas fuentes,barriles,29572123.68,,,,29574639.599999998,29572123.68,
1955.0,Producción de crudo según distintas fuentes,barriles,30504272.04,,,,30505529.999999996,30504272.04,
1956.0,Producción de crudo según distintas fuentes,barriles,31011858.9,,,,31015003.799999997,31011858.9,
1957.0,Producción de crudo según distintas fuentes,barriles,33951711.419999994,,,,33952340.4,33951711.419999994,
1958.0,Producción de crudo según distintas fuentes,barriles,35656247.22,,,,35656876.199999996,35656247.22,
1959.0,Producción de crudo según distintas fuentes,barriles,44578328.519999996,,,,44575812.599999994,44578328.519999996,
1960.0,Producción de crudo según distintas fuentes,barriles,63859811.05679999,,,,63860339.4,63859811.05679999,
1961.0,Producción de crudo según distintas fuentes,barriles,84461610.6708,,,,84459434.39999999,84461610.6708,
1962.0,Producción de crudo según distintas fuentes,barriles,98205911.8062,,,,98208937.19999999,98205911.8062,
1963.0,Producción de crudo según distintas fuentes,barriles,97140620.95979999,,,,97139671.19999999,97140620.95979999,
1964.0,Producción de crudo según distintas fuentes,barriles,100275727.7412,,,,100278281.39999999,100275727.7412,
1965.0,Producción de crudo según distintas fuentes,barriles,98276326.11719999,,,,99536085.0,98276326.11719999,
1966.0,Producción de crudo según distintas fuentes,barriles,104759675.84279999,,,,104756619.0,104759675.84279999,
1967.0,Producción de crudo según distintas fuentes,barriles,114673312.66379999,,,,114675633.6,114673312.66379999,
1968.0,Producción de crudo según distintas fuentes,barriles,125488170.89819999,,,,125500379.39999999,125488170.89819999,
1969.0,Producción de crudo según distintas fuentes,barriles,130081536.3606,,,,126846396.6,130081536.3606,
1970.0,Producción de crudo según distintas fuentes,barriles,143397621.62219998,,,,143420019.6,143397621.62219998,
1971.0,Producción de crudo según distintas fuentes,barriles,154510553.4786,,,,154458618.6,154510553.4786,
1972.0,Producción de crudo según distintas fuentes,barriles,158461780.6794,,,,158471511.0,158461780.6794,
1973.0,Producción de crudo según distintas fuentes,barriles,153728574.0936,,,,153722712.0,153728574.0936,
1974.0,Producción de crudo según distintas fuentes,barriles,151095236.1072,,,,151093575.6,151095236.1072,
1975.0,Producción de crudo según distintas fuentes,barriles,144465535.3152,,,,144464126.4,144465535.3152,
1976.0,Producción de crudo según distintas fuentes,barriles,145592912.7774,,,,145590000.6,145592912.7774,
1977.0,Producción de crudo según distintas fuentes,barriles,157542721.39319998,,,,157540620.6,157542721.39319998,
1978.0,Producción de crudo según distintas fuentes,barriles,165137944.22399998,,,,165138699.0,165137944.22399998,
1979.0,Producción de crudo según distintas fuentes,barriles,172553838.567,,,,172554373.2,172553838.567,
1980.0,Producción de crudo según distintas fuentes,barriles,179675709.9192,,,,179674426.79999998,179675709.9192,179215000.0
1981.0,Producción de crudo según distintas fuentes,barriles,181475630.5362,,,,181473309.6,181475630.5362,181040000.0
1982.0,Producción de crudo según distintas fuentes,barriles,179071260.1392,,,,179070606.0,179071260.1392,179215000.0
1983.0,Producción de crudo según distintas fuentes,barriles,179096469.6576,,,,179095765.2,179096469.6576,179215000.0
1984.0,Producción de crudo según distintas fuentes,barriles,175096653.7518,,,,175095452.39999998,175096653.7518,174470000.0
1985.0,Producción de crudo según distintas fuentes,barriles,167780798.6778,,,,167780415.0,167780798.6778,167900000.0
1986.0,Producción de crudo según distintas fuentes,barriles,158370534.5508,,,,158370874.2,158370534.5508,158410000.0
1987.0,Producción de crudo según distintas fuentes,barriles,156346426.59239998,,,,156345558.6,156346426.59239998,156220000.0
1988.0,Producción de crudo según distintas fuentes,barriles,164306432.664,,,,164308445.39999998,164306432.664,163885000.0
1989.0,Producción de crudo según distintas fuentes,barriles,168021213.70319998,,,,168019427.39999998,168021213.70319998,167900000.0
1990.0,Producción de crudo según distintas fuentes,barriles,176139785.63279998,,,,176139559.2,176139785.63279998,176295000.0
1991.0,Producción de crudo según distintas fuentes,barriles,180017346.69599998,,,,180020365.79999998,180017346.69599998,177025000.0
1992.0,Producción de crudo según distintas fuentes,barriles,202821544.93919998,,,,202820890.79999998,202821544.93919998,201845000.0
1993.0,Producción de crudo según distintas fuentes,barriles,216666596.091,,,216709977.407682,,216666596.091,216810168.0
1994.0,Producción de crudo según distintas fuentes,barriles,243619496.09579998,,,243705394.8377136,,243619496.09579998,237290000.0
1995.0,Producción de crudo según distintas fuentes,barriles,262532037.834,,,262532039.23662537,,262532037.834,260820000.00000003
1996.0,Producción de crudo según distintas fuentes,barriles,286623720.3984,,,286623718.1403618,,286623720.3984,275934016.39344263
1997.0,Producción de crudo según distintas fuentes,barriles,304444925.2284,,,304444926.5869968,,304444925.2284,304290000.0
1998.0,Producción de crudo según distintas fuentes,barriles,309128920.41899997,,,309128920.3372326,,309128920.41899997,309040000.0
1999.0,Producción de crudo según distintas fuentes,barriles,280944389.51699996,,281195635.2446406,286730758.4788152,,280944389.51699996,292815000.0
2000.0,Producción de crudo según distintas fuentes,barriles,272277680.3868,,265524541.93644056,271988857.2113988,,272277680.3868,277816857.92349726
2001.0,Producción de crudo según distintas fuentes,barriles,280631962.5714,,274056010.51681376,280350177.70106816,,280631962.5714,292876000.0
2002.0,Producción de crudo según distintas fuentes,barriles,276503268.66359997,,269745373.18089235,276359551.28112537,,276503268.66359997,291688654.99999994
2003.0,Producción de crudo según distintas fuentes,barriles,270191278.2492,,261961787.59655985,270390706.75523937,,270191278.2492,285834055.0
2004.0,Producción de crudo según distintas fuentes,barriles,254315156.3304,,246462265.94956055,254764943.62806037,,254315156.3304,267421264.99999997
2005.0,Producción de crudo según distintas fuentes,barriles,242613090.357,,235333293.6560663,242735039.60086125,,242613090.357,256832160.0
2006.0,Producción de crudo según distintas fuentes,barriles,241190771.5932,,234258115.87298337,240581576.80694938,,241190771.5932,254204944.99999997
2007.0,Producción de crudo según distintas fuentes,barriles,238412145.51659998,,231623045.45740733,234634843.60311535,,238412145.51659998,247753341.0
2008.0,Producción de crudo según distintas fuentes,barriles,236452111.75079998,,229046372.87736732,229813564.91174728,,236452111.75079998,241343561.7622951
2009.0,Producción de crudo según distintas fuentes,barriles,227941980.90179998,,220344493.9499344,213397024.34243158,,227941980.90179998,237681193.0
2010.0,Producción de crudo según distintas fuentes,barriles,222743303.95679998,,215106366.40881827,208580088.7315464,,222743303.95679998,228510471.99999997
2011.0,Producción de crudo según distintas fuentes,barriles,209615629.65420002,,202002442.1947765,195537811.37816375,,209615629.65420002,212222926.0
2012.0,Producción de crudo según distintas fuentes,barriles,208440946.60619998,,201076103.55258292,194697351.55557123,,208440946.60619998,201158723.21038255
2013.0,Producción de crudo según distintas fuentes,barriles,204173770.1718,,197077899.67723635,191127640.88577324,,204173770.1718,197044731.0
2014.0,Producción de crudo según distintas fuentes,barriles,201146495.7216,,194226984.41787565,187966208.40812892,,201146495.7216,194238283.0
2015.0,Producción de crudo según distintas fuentes,barriles,201105366.7194,,194339835.4062838,186094035.06467792,,201105366.7194,194267150.0
2016.0,Producción de crudo según distintas fuentes,barriles,178186765.72620198,,186858772.45366055,178186765.72620198,,,186354439.8907104
2017.0,Producción de crudo según distintas fuentes,barriles,166375420.6223076,,175065754.53881514,166375420.6223076,,,174997000.0
2018.0,Producción de crudo según distintas fuentes,barriles,169545967.85606632,,178663117.0198723,169545967.85606632,,,178587000.0
2019.0,Producción de crudo según distintas fuentes,barriles,175181884.10622966,,169624009.34648398,175181884.10622966,,,185143000.0
2020.0,Producción de crudo según distintas fuentes,barriles,164705993.94875866,,,164705993.94875866,,,
2021.0,Producción de crudo según distintas fuentes,barriles,174112871.68014562,,,174112871.68014562,,,
2022.0,Producción de crudo según distintas fuentes,barriles,199004448.8329207,,,199004448.8329207,,,
2023.0,Producción de crudo según distintas fuentes,barriles,217765786.8019986,,,217765786.8019986,,,
2024.0,Producción de crudo según distintas fuentes,barriles,237817865.7676833,,,237817865.7676833,,,
2025.0,Producción de crudo según distintas fuentes,barriles,266845855.46639988,,,266845855.46639988,,,
