Suma de ARS;;CUENCA/PROVINCIA;;;;;;;;;;
AÑO;MES;CHUBUT;ESTADO NACIONAL;JUJUY;LA PAMPA;MENDOZA;NEUQUEN;RIO NEGRO;SALTA;SANTA CRUZ;TIERRA DEL FUEGO;TOTAL PROVINCIA
1993;1;725;0;0;500;3112;4071612;281350;438887;1017310;913210;6726706
1993;2;674;0;0;434;2903;3950971;247476;354219;1038058;856750;6451485
1993;3;671;0;0;466;3009;4291704;273494;557357;1113193;969700;7209594
1993;4;704;0;0;405;3596;4500206;268784;593902;1113760;999289;7480646
1993;5;390;0;0;449;66546;4763042;262211;896723;1124797;1068751;8182909
1993;6;426;0;0;449;55202;4832971;268695;906393;1118044;1146055;8328235
1993;7;409;0;0;474;22460;4713354;258084;975557;1058374;1026843;8055555
1993;8;339;0;0;379;30884;4755854;229360;993870;930983;1044888;7986557
1993;9;309;0;0;293;21246;4506967;233374;914050;964320;930477;7571036
1993;10;317;0;0;0;20396;3882940;225208;873712;869776;944134;6816483
1993;11;357;0;0;0;18969;3366840;194255;795723;442059;891872;5710075
1993;12;367;0;0;0;19747;3289749;236861;621349;679044;872096;5719213
1994;1;367;0;0;0;24371;4287977;263462;644726;732081;886643;6839627
1994;2;291;0;0;0;17945;3219095;212956;551536;662873;639688;5304384
1994;3;324;0;0;0;20895;3931329;228190;670050;919394;984549;6754731
1994;4;352;0;0;0;20176;4631960;229926;667395;749684;865987;7165480
1994;5;430;0;0;0;21055;5793867;290248;822159;828460;1131227;8887446
1994;6;393;0;0;7128;20367;5923006;290627;971924;918045;1140130;9271620
1994;7;405;0;0;6736;21329;6796982;297555;1094662;930055;974990;10122714
1994;8;392;0;0;6340;24836;6780687;304139;1133129;847626;1071382;10168531
1994;9;381;0;0;5442;24544;5741924;321374;1061656;993866;1092742;9241929
1994;10;379;0;0;6107;26807;4525068;275799;1159168;579772;1146164;7719264
1994;11;386;0;0;5775;23723;3681782;259352;1097504;548116;1066359;6682997
1994;12;20;0;0;4931;20605;3913616;273002;886314;498783.7877;1026667.562;6623939.35
1995;1;343;0;0;5930;32599;4516305;240012;1015466;820829;896560;7528044
1995;2;354;0;0;24309;29930;4964321;270862;1064422;576985;783733;7714916
1995;3;833;0;0;28781;34850;5256625;291937;1090660;793681;1002046;8499413
1995;4;394;0;0;26015;41708;5628896;280107;821864;1000046;1097924;8896954
1995;5;608;0;0;29102;39366;7296971;313797;621367;903209;1010758;10215178
1995;6;2474;0;0;27771;45241;8710145;262926;1307371;1005328;1080154;12441410
1995;7;3085;0;0;29898;36378;8338233;327066;653853;1132742;1132612;11653867
1995;8;2245;0;0;31223;36555;7916783;297355;1322750;1092983;1060031;11759925
1995;9;1764;0;0;28730;27299;5915915;275092;1256686;1010319;1004314;9520119
1995;10;362;0;0;28647;31518;5005067;218023;1257977;950304;994270;8486168
1995;11;351;0;0;30426;29696;4041681;255039;1100837;807174;963329;7228533
1995;12;359;0;0;31765;28561;5171023;252366;1146798;820682;775723;8227277
1996;1;376;0;0;37071;31690;4981474;282687;1083713;818333;874012;8109356
1996;2;376;0;0;35952;30155;4654721;265998;1194405;807238;849070;7837915
1996;3;356;0;0;37614;38504;5733292;241404;1303803;874099;968221;9197293
1996;4;8925;0;1498;35212;36579;5203570;256780;1222075;897774;984854;8647267
1996;5;11306;0;1630;37763;34676;7850294;310117;1105723;1006327;993965;11351801
1996;6;12836;0;591;34113;35929;10200221;302490;1437126;985783;1070741;14079830
1996;7;12336;0;1236;35075;36365;10778887;313456;1511402;1127074;1004137;14819968
1996;8;1462;0;1450;34996;37190;9002066;282934;1515552;1160951;1017727;13054328
1996;9;12428;0;843;21834;31716;9132668;288908;1569835;1089933;1006704;13154869
1996;10;8277;0;1360;22042;35366;6210474;185674;1496743;806884;1045058;9811878
1996;11;6749;0;1378;21530;31255;5646474;248608;1192222;902639;968102;9018957
1996;12;7992;0;1538;21260;35888;6020290;233466;1203909;919306;628667;9072316
1997;1;6531;0;845;19983;18837;6478172;253021;1498303;768615;619491;9663798
1997;2;4668;0;0;18231;17904;5469865;252062;1586508;749282;988611;9087131
1997;3;833;0;0;18402;6909;5785603;302587;1522714;818636;1048961;9504645
1997;4;4417;0;0;17283;14210;7093867;257526;1582442;953085;1266052;11188882
1997;5;8187;0;0;17903;8488;9237255;321897;1751394;1009312;1281453;13635889
1997;6;12835;0;1573;18115;7530;10095165;310377;1934955;1021520;1314142;14716212
1997;7;9833;0;1666;18426;7246;9507607;303656;2019342;1069650;1396401;14333827
1997;8;6668;0;2220;18570;20638;7791997;298907;1618021;1002738;1546169;12305928
1997;9;8237;0;2031;17493;18744;6607157;284578;1861363;900613;1576152;11276368
1997;10;6539;0;1936;16498;18040;5625249;258097;1784714;828967;1346018;9886058
1997;11;6514;0;668;16564;12407;5470678;239954;1500515;817277;1097548;9162125
1997;12;10374;0;1910;17484;10898;4919198;208019;1504701;834782;1174353;8681719
1998;1;8271;0;1949;21675;16409;4507098;195936;1666246;847593;1433958;8699135
1998;2;8590;0;1592;19778;15193;4635355;188388;1494063;782642;1571179;8716780
1998;3;8556;0;1592;20396;17265;5655561;214169;1596567;944367;1358460;9816933
1998;4;9336;0;1879;19421;18459;6397008;202022;1686913;919060;1428845;10682943
1998;5;12119;0;2252;20705;20288;8703538;227481;1943037;1005172;1514940;13449532
1998;6;15033;0;2164;17468;21220;10588751;210345;1947268;1156854;1521224;15480327
1998;7;15762;0;2230;18729;21661;10676511;193912;1962933;1142915;1551553;15586206
1998;8;14346;0;1583;19762;16789;10303256;259266;1948379;1127854;1356893;15048128
1998;9;14252;0;0;20128;19145;8884645;254139;1949223;1111925;1241470;13494927
1998;10;14253;0;212;21724;16790;6830855;221671;1952324;948317;1300653;11306799
1998;11;11517;0;720;21743;15202;7385287;235604;1958846;797806;1027648;11454373
1998;12;8327;0;1021;22789;11931;7465590;189253;1901585;827319;1003117;11430932
1999;1;8028;0;780;20311;14747;7225184;245056;1827966;872215;1158535;11372822
1999;2;26109;0;577;17589;12444;7220570;222433;1505240;769291;1073649;10847902
1999;3;45815;0;1513;24499;14621;9222003;237123;1631114;1056457;1084028;13317173
1999;4;51615;0;120;0;14680;8791133;239006;1905900;951767;1039852;12994073
1999;5;68855;0;1213;20828;18184;11511319;294699;2322846;1125997;1244132;16608073
1999;6;80812;0;1365;20343;17847;12095731;279823;2325780;1067654;1487924;17377279
1999;7;70188;0;334;21306;18772;12848950;291490;2468088;1214287;1539022;18472437
1999;8;61350;0;1385;24474;16344;11696813;282101;2562617;1216769;1261503;17123356
1999;9;35292;0;304;26132;13565;9382144.19;298438.15;2695882;1139607;1279030.7;14870395.04
1999;10;62822;0;1459;25637;15369;7732031;273301;2656077;1072992;1295877;13135565
1999;11;56817;0;1307;20321;12545;6933512;234273;2347845;949971;922245;11478836
1999;12;43016;0;1223;27090.02;15196;7089610;206581;2364520;996235;1144441.11;11887912.13
2000;1;46271.26;0;1239;21173.52;39149.93;7784097.77;241721.88;2343089.12;929175.32;1189070.9;12594988.7
2000;2;46840.73;0;1093;21972.56;37947.05;7840622.025;224610.76;2306465.2;1112356.2;1130504;12722411.53
2000;3;72592.03;0;1176;14772.09;37627.1;9346957.04;241827.18;2038225.04;948404.62;1061684.82;13763265.92
2000;4;147033.05;0;1165;13143.61;28807.02;8629762.38;198809.8;2050537.86;874124.09;1141713.96;13085096.77
2000;5;186564.14;0;1455;19775.69;46902.29;13336730.62;279001.37;3330585.35;1276773.39;1319850.42;19797638.27
2000;6;221931.14;0;1499;20887.57;44736.42;13349587.75;247473.05;3233089.42;1230282.87;1435226.98;19784714.2
2000;7;232528.83;0;1441;19759.98;37368.73;14504988.48;259235.71;3327142.92;1215795.72;1476264.5;21074525.87
2000;8;236245.15;0;1354;23560.09;40083.06;13438065.37;263349.47;3398788.75;1315608.23;1990608.14;20707662.26
2000;9;205996.65;0;1284.4;24792.424;41477.75;11569707.4;249122.36;2965826.37;1169792.44;1888105.97;18116105.76
2000;10;194154.53;376;502;28941.07;38449.33;8250642.53;230355.11;2931150.32;1136813.939;1867174.133;14678558.96
2000;11;193205.44;4005;1157.4;28019.83;38314.56;6778848.03;209787.91;2685067.53;1045824.2;1686070.56;12670300.46
2000;12;198774.57;7283.27;1233.07;27746.07;40067.71;8803890.45;209011.96;2840753.19;905382.5;1728761.507;14762904.3
2001;1;167284.6173;9360.590568;1240.998845;29910.12634;40688.3845;7880682.064;180681.6448;2760481.717;1068549.018;1643405.576;13782284.74
2001;2;168554.8422;8898.770088;1126.049364;23729.03164;30955.72953;7763922.771;177842.0442;2682628.674;875100.0467;1441052.86;13173810.82
2001;3;183256.1075;12440.58972;1064.197292;25327.76104;31854.52008;10614504.53;222511.0706;3002182.495;960495.9266;1851242.963;16904880.17
2001;4;201381.1584;23297;1121.856542;21652.14948;35551.22062;10739151.54;224077.2629;3170525.078;1076394.471;1738194.984;17231346.72
2001;5;226339.7385;32751.41213;1376.149691;21468.62445;40671.52242;15018632.03;289454.3241;3583263.297;1272932.178;1995730.6;22482619.87
2001;6;323241.1066;37723.50096;1416.134754;28435.75465;39398.97197;13300643.16;261994.1459;3628081.319;1283696.272;2087755.569;20992385.93
2001;7;344377.1322;44652.73301;1435.69101;28021.37527;39616.53892;16090357.6;263994.8858;3872973.559;1233610.068;2138422.199;24057461.79
2001;8;341219.3894;54852.4332;1414.401316;25664.51481;44271.24853;12517073.42;242702.7982;3631819.9;1264000.31;2252460.54;20375478.96
2001;9;351595.0268;61478.58504;1506.476057;25016.90834;42081.30984;12935840.44;215026.7376;3549975.224;1065012.799;2122880.826;20370414.33
2001;10;303407.1186;69725.4125;1429.796702;27264.06244;38612.48336;7286656.127;194626.9362;3073062.976;1053827.994;1927196.93;13975809.84
2001;11;281858.061;77253.01582;1247.151286;23943.42078;34903.98229;9082403.499;195593.3437;3240911.24;923534.6138;1382590.063;15244238.39
2001;12;328350.4188;104412.9275;1270.090919;17048.717;35217.99069;10651965.2;194076.0254;3652272.694;960653.4879;1894571.406;17839838.96
2002;1;283512.127;59625.45;1253.955872;13197.38193;34605.89104;9628454.627;224624.1797;3657787.012;963894.5141;1987280.992;16854236.13
2002;2;337521.4109;57715.20864;1178.644144;15174.93591;29435.42247;10146678.17;191887.169;3012724.843;999035.8949;1803726.83;16595078.53
2002;3;359385.7681;135706.7208;1322.905201;15758.28659;35082.05893;12507661.35;233552.8194;3677213.49;1061419.316;2204670.915;20231773.63
2002;4;333394.2326;143389.5117;1254.041765;9225.170694;31126.4876;15392120.37;249928.4812;3879231.264;1247420.032;2429396.498;23716486.09
2002;5;515095.9189;154090.7696;1099.521337;6946.972448;34697.89819;17844366.2;419746.0841;4949510.343;1647807.058;2759486.262;28332847.03
2002;6;482091.8489;148457.2083;1096.728244;11819.58261;32064.98733;20771393;480688.5126;5054675.15;2358127.408;2622422.936;31962837.36
2002;7;582309.7092;163544.4072;1232.419048;65242.38834;31443.03673;22226252.55;451567.6973;5893992.434;2273950.732;2689397.204;34378932.58
2002;8;629754.799;169034.3982;1266.262296;12499.39816;34949.83895;19081746.44;504063.2606;5672181.09;2208450.795;2519176.549;30833122.83
2002;9;612579.7197;177741.8691;816.6573792;17973.86912;35520.85155;17001960.69;491618.8602;5348320.325;2135998.046;2361149.281;28183680.17
2002;10;448338.603;166662.4452;1041.038435;18374.36239;31329.95891;14317348.59;354743.6815;4473692.113;1825038.159;2086250.011;23722818.96
2002;11;371472.4499;222917.3504;1239.855568;16568.64335;32554.17509;12430841.44;284613.5585;5237267.229;1645057.913;2013098.418;22255631.03
2002;12;507549.7007;225179.1468;1179.89951;79029.03444;32704.10587;13003672.04;212190.3555;5005121.392;1792136.264;1898925.711;22757687.65
2003;1;538224.6943;205552.1753;1261.233792;14976.43214;35612.28021;10883987.8;301943.0716;5103949.152;1746969.309;2187607.447;21020083.59
2003;2;549569.2229;206097.5701;1246.725496;24248.24996;35011.0169;13356901.05;372926.0856;4444618.515;1593096.188;1986231.38;22569946.01
2003;3;439083.3458;184346.6759;1445.386816;27467.26846;39143.62278;15512526.15;326278.5304;5119679.375;1969158.15;2116777.131;25735905.64
2003;4;461165.0882;180080.2295;1423.332222;21958.85344;43351.73711;15633623.08;316887.3188;5282688.707;1912487.019;2122786.576;25976451.95
2003;5;730611.2034;213977.364;1317.535331;10903.12919;47367.09897;19082281.14;416302.8986;5305383.621;2121198.159;2668103.343;30597445.49
2003;6;706238.4533;225604.1921;1320.049583;29879.85497;53073.64846;20074302.54;443669.0988;5538221.558;1938747.599;2726735.609;31737792.6
2003;7;766664.7888;210540.4984;1346.647536;28837.26721;46989.53184;21508886.57;403754.8758;5949125.535;2187623.163;2510677.469;33614446.34
2003;8;794238.2195;246652.6308;1313.856024;31331.57108;54482.89221;22928671.13;444309.7886;6332891.928;2095676.992;3237136.512;36166705.52
2003;9;719862.3933;215909.5541;1063.149688;32318.42487;60554.98123;20058473.17;409441.47;5696959.385;2252984.414;2979856.337;32427423.28
2003;10;644897.2147;225881.0908;1187.991152;34633.36318;54133.38981;17775459.87;370624.9317;6053974.162;2326652.425;2978337.403;30465781.84
2003;11;556525.0938;201937.0605;1272.009664;29555.08523;52821.16328;16571198.95;277706.7112;5379146.253;1906856.05;2107710.304;27084728.68
2003;12;612821.6958;233882.7481;1318.041722;21487.2813;63050.07999;19423566.92;381558.7987;5931069.176;2059601.632;2648658.015;31377014.39
2004;1;763218.7451;247951.9665;1137.755689;28015.44165;54964.53489;20382472.02;318472.3084;5846013.764;2127149.777;2830403.955;32599800.27
2004;2;800422.2465;225976.1198;1021.28208;35123.7803;56097.7384;22481067.11;304917.2843;5520581.169;2151987.512;2414086.006;33991280.24
2004;3;963299.9795;329755.176;1041.346519;40464.47215;63408.97932;23890922.9;390902.6613;6083116.485;2457385.025;2585283.782;36805580.81
2004;4;941109.3909;315737.6073;1272.151312;39283.41984;72529.92014;22433577.01;371231.6694;5450329.755;2438482.281;2776826.757;34840379.96
2004;5;973794.9347;336328.642;1414.319868;38082.77531;492026.1666;29185812.18;409752.7033;6877234.37;2935286.422;3046628.052;44296360.56
2004;6;1034163.97;354853.4701;1435.050053;34696.6748;1313198.036;27028089.76;391901.6171;6380324.378;2992623.349;2990961.219;42522247.52
2004;7;1080148.664;360693.5206;1533.789332;36423.20674;1223821.549;22813276.9;398048.4688;7425367.718;2973258.642;3097657.661;39410230.12
2004;8;1092023.447;330175.9605;1457.94037;40238.12471;1413869.099;29238889.26;279208.5469;7047961.817;2841161.526;3175512.597;45460498.32
2004;9;981800.2846;322817.8959;1383.228132;39665.9858;1491380.929;29510906.79;503543.9774;6974376.573;2817078.811;3186055.32;45829009.8
2004;10;1092623.154;295813.3043;3554.220594;40441.08695;1228532.373;28465496.99;527319.9902;7228856.614;3184816.784;3418197.587;45485652.1
2004;11;1045935.425;323358.2673;3807.738385;39980.92082;557749.7886;28407776.38;474291.2016;6854035.936;2699610.824;3388472.769;43795019.25
2004;12;961250.4048;352682.9663;3822.190985;48234.92413;803611.5368;32267663.31;491251.799;6505989.077;3041291.255;3538619.683;48014417.15
2005;1;964551.3659;365524.4277;3516.892633;48234.92413;1166350.574;32786458.61;505533.0116;7054915.515;3245932.384;3869360.469;50010378.17
2005;2;937397.9282;306401.234;3015.045025;55860.41258;1301700.914;28123530.28;473164.4316;6163654.225;2875926.738;3521862.14;43762513.35
2005;3;1176162.702;321103.7138;3485.040942;55963.59369;1452838.334;28839194.83;528190.7971;7294795.334;2714833.494;3850385.032;46236952.87
2005;4;1200914.067;367994.9323;3279.842355;63572.03667;1365778.335;29424693.88;540214.8449;6723176.61;3317546.174;3848084.664;46855255.39
2005;5;1416456.792;369661.9924;3618.190639;37530.8726;1627525.407;34182879.65;534134.0504;8197047.135;3532689.52;4468160.27;54369703.88
2005;6;1368765.694;707858.9508;3607.139919;68237.57879;1602729.306;32921468.62;555507.7902;7865720.627;3262493.433;4301441.574;52657830.71
2005;7;1575938.083;1191169.394;2218.498252;60041.12571;1689598.511;32544832.36;558221.1814;8363901.786;3484514.584;4602779.572;54073215.09
2005;8;1752106.938;1290309.165;0;74431.59272;1671490.155;33277529.29;536035.1529;8956120.191;3616828.104;4307299.549;55482150.13
2005;9;1605912.732;1816383.202;461.7495555;34067.11567;1340545.854;31336162.06;620326.5888;8784558.328;3394614.604;4386521.14;53319553.38
2005;10;1995379.241;1010842.881;3943.361512;93729.77505;847338.4707;34389178.82;505814.4531;8989704.93;2684653.566;4919441.811;55440027.31
2005;11;1986917.95;2087579.965;4756.593275;66951.64142;1430510.496;35786949.23;573914.2284;8097703.604;3241178.858;5274100.196;58550562.76
2005;12;1873206.931;2210314.289;4505.016155;123192.7883;1793765.272;35236010.62;616179.0425;8406784.494;4034931.517;5144044.204;59442934.17
2006;1;2075572.215;2090251.131;4555.4412;92662.41329;798442.3797;40764815.88;649038.5277;14144111.42;4591296.47;5294852.405;70505598.28
2006;2;1945392.714;2334269.771;4368.932583;103443.1663;1380671.027;40784897.7;608053.3034;9072302.116;4079741.404;4359682.98;64672823.11
2006;3;2248515.546;1674227.838;3224.764379;117708.7954;1619913.529;42345216.41;679612.5204;9379903.653;4901533.886;5249041.324;68218898.27
2006;4;2211327.838;2143640.702;4209.523347;114477.0234;2351422.064;38771752.01;666571.0448;9506753.76;4761987.798;4924007.858;65456149.62
2006;5;2337698.773;2145247.294;6169.998964;119124.0803;2707043.999;43127889.81;710277.8102;9553795.687;4889231.422;4886318.873;70482797.74
2006;6;2075393.938;2081660.237;4077.803225;50269.15684;2847794.636;38602898.71;725213.7982;9266461.108;5011523.689;4837842.174;65503135.25
2006;7;2155571.605;1902919.682;5872.780559;52780.21203;3007140.455;39874204.61;672641.5066;9215832.976;5027519.745;4453517.244;66368000.82
2006;8;2294353.282;2212093.208;4749.978217;58597.72784;2530656.961;40643729.11;657829.971;10281162.18;4877061.186;4972239.779;68532473.38
2006;9;2220812.199;1887857.943;5503.845663;70702.60311;2412870.685;39613769.36;607087.9723;9837311.372;5104802.396;4607244.526;66367962.91
2006;10;2213339.799;2303450.83;5273.055332;179126.2345;2874966.339;46220186.22;667806.7553;12547891.96;5089004.032;5251143.737;77352188.96
2006;11;2218456.296;2424395.893;3740.822298;82538.97065;1844961.87;46758046.7;498342.3871;12521235.65;5093378.146;5317415.649;76762512.39
2006;12;2332796.427;2488572.757;615.1164594;98280.85699;2100511.231;50855606.47;660241.8363;11984198.6;5348467.759;5495490.925;81364781.98
2007;1;2362553.286;2818174.578;2127.428452;44263.12837;2136888.82;51280875.75;718316.23;11825619.65;5286755.819;7043956.407;83519531.1
2007;2;2447658.239;2400348.583;4957.312622;130412.3956;2509022.751;41524085.26;597580.4908;10692818.79;4555853.962;5129080.635;69991818.41
2007;3;2811825.465;2749542.029;5635.320212;156132.0729;2639447.356;51468539.23;684718.5788;11221227.95;5364544.192;7006706.523;84108318.71
2007;4;2997844.459;3176774.598;4368.606242;136545.3725;2748206.052;50721307.91;690456.6381;11148941.1;5294840.102;7416357.74;84335642.58
2007;5;2711542.67;2778239.732;5538.917745;124952.8053;2175382.605;46196225.4;845745.1003;9646608.919;5321408.306;6904982.555;76710627.01
2007;6;2270514.886;2046511.496;5033.394211;52865.40004;1861065.241;40413353.59;921545.551;9925685.379;4602037.13;5008930.539;67107542.6
2007;7;2257416.038;1815207.227;3747.386886;49096.09027;1908797.656;37966268.64;965217.5483;10543017.65;4032043.174;3733831.147;63274642.57
2007;8;3250045.927;1895888.554;3847.852293;67119.81695;2686434.458;42537724.81;841970.3506;12276418.15;4750155.217;3328485.651;71638090.79
2007;9;2883207.037;1926234.692;3195.43653;137267.6293;2533407.919;44357169.23;893181.8792;12464713.16;4126304.698;3484592.231;72809273.92
2007;10;2865282.484;1978379.884;5207.313429;246992.3194;2604629.031;51620292.96;1010542.663;11385207.91;5630203.154;4105052.144;81451789.87
2007;11;3528700.817;2311216.614;6394.55021;247057.7434;2762120.393;49983238.79;852838.2504;12133764.85;3194725.767;3464183.522;78484241.3
2007;12;3884455.93;2574532.395;7482.544331;206383.2654;3877704.446;57846409.58;939983.8619;13432753.77;3922875.007;4687198.615;91379779.41
2008;1;4114867.568;2103790.556;5752.087358;243645.0613;3909211.582;55153084.35;866367.7944;12915316.2;4780976.421;4789436.281;88882447.9
2008;2;4065302.788;1728295.676;7181.500559;237696.7637;3880152.723;57324866.34;1127834.189;12715675.13;4861206.506;4051744.581;89999956.19
2008;3;4047962.058;1979089.593;8694.226178;254280.4019;4059049.916;62249529.99;1097791.758;14129553.36;4900039.137;4983544.898;97709535.34
2008;4;4124058.296;2305677.668;819.5958822;161205.0535;5031273.558;61925097.55;951060.7283;13245984.33;4189642.416;4416293.09;96351112.29
2008;5;3982782.851;3045517.746;0;229337.6758;4253190.898;52798245.66;1075582.361;12277841.11;1440162.318;4452916.988;83555577.61
2008;6;3713131.34;2235474.11;0;208496.2569;3648490.387;48397163.48;946830.3479;11030953.86;3012126.223;4343833.041;77536499.05
2008;7;3790923.939;2660333.836;4464.446807;240326.0161;5262548.129;54879263.34;892305.8387;11168567.88;3681545.538;4737176.775;87317455.74
2008;8;3638936.333;2936212.148;4450.413311;241014.7091;6102089.521;57650980.93;935298.3275;11301749.92;3611868.931;4957240.33;91379841.57
2008;9;4461984.47;2383917.31;10005.65072;270000.3123;5499008.072;63619721.71;1068461.544;13650586.99;3575030.233;4522002.26;99060718.55
2008;10;4750015.088;2740471.933;11398.53509;276687.4321;4857586.043;71800296.04;1437974.417;14938742.9;6218417.89;5344273.953;112375864.2
2008;11;4820021.346;2985832.894;9806.168959;346246.1341;4448206.36;73705502.46;1535101.457;19932814.18;5340315.887;5704963.212;118828810.1
2008;12;5094711.367;2622888.565;2641.7696;340552.3892;4761955.549;71156661.25;1351204.369;25051568.67;4870314.613;5318728.974;120571227.5
2009;1;4895951.955;3207550.047;5813.356789;372903.3584;3375016.123;71031212.5;1844805.666;25413491.23;5885813.644;6226920.943;122259478.8
2009;2;4765441.889;3214910.099;5014.274696;337192.8998;3452558.079;62012857.14;1721989.477;21550527.87;5813731.549;5772732.298;108646955.6
2009;3;4989983.885;3663879.947;8832.565556;340792.3109;4348608.404;72433474.83;1838689.89;22351668.79;5967256.384;6497025.891;122440212.9
2009;4;4647417.267;4155070.325;8263.326739;309705.2276;4066215.077;62151734.72;1687596.28;15316589.62;5942414.787;6283671.082;104568677.7
2009;5;4618109.587;4119591.186;6906.876176;308392.8289;3823947.908;60519565.5;1668065.157;15750531.86;4379300.47;5850973.241;101045384.6
2009;6;4448872.002;4133530.862;6396.49102;309705.1235;4263884.954;57870098.94;1446477.478;13928094.81;4948826.011;5690956.82;97046843.49
2009;7;4531960.164;4846453.352;2260.525856;318627.0909;5036468.4;57894537.52;1317481.05;14916815.33;4771891.613;5972405.207;99608900.25
2009;8;4880214.292;4899817.268;7045.678148;351339.2065;4798419.105;56533717.31;1427964.895;16447286.91;2609096.723;6286862.374;98241763.76
2009;9;5192365.778;5334147.183;11543.03042;333164.2377;3752857.843;59634608.75;1537056.081;17008388.27;5698504.377;6260263.947;104762899.5
2009;10;5854213.18;5566479.914;11148.52957;395672.8452;3262197.511;70098794.01;1966849.461;21322051.21;6163002.413;6824780.69;121465189.8
2009;11;5673429.695;5325451.723;6782.637809;356804.0341;2952500.693;62539993.41;1962052.888;21815025.19;6252712.065;6615580.445;113500332.8
2009;12;6208779.771;5790270.136;6884.34972;430448.2237;2867112.814;66407012.07;1989641.58;26047669.53;6587294.62;6981164.033;123316277.1
2010;1;6108615.149;5731291.953;1783.96141;445624.7878;4426373.466;73387424.58;1964723.873;21800444.55;6511206.55;7269240.986;127646729.9
2010;2;5464574.77;6100537.038;9210.125594;371627.2071;4021547.503;70966057.96;1865451.393;16705580.19;5963790.378;6439692.453;117908069
2010;3;5771731.879;7740858.346;12024.48184;469840.2168;4387373.058;82308782.27;2091260.682;19703290.07;6809122.382;7095915.05;136390198.4
2010;4;5037238.713;6449518.313;11906.09266;438166.8227;3959567.842;70691861.43;2077177.076;17539334.53;5515538.232;7500016.01;119220325.1
2010;5;6038338.752;6455950.469;10695.3285;379270.3268;4009751.327;71224938.6;2328350.251;16743322.69;5762244.556;7783649.942;120736512.2
2010;6;5210740.003;7527185.482;6755.585574;423191.0081;3671183.621;54599145.37;2345654.483;13412184.96;4474723.896;5870233.03;97540997.44
2010;7;5806733.182;8211644.239;6700.328414;252078.84;3082807.743;53183809.36;2206674.57;12802774.87;4692154.597;5604371.719;95849749.45
2010;8;5411606.915;8782016.719;10279.13914;223952.6617;3573638.666;57554908.39;2203812.721;13945980.19;5036061.661;6532591.446;103274848.5
2010;9;5608837.888;9013667.467;9413.82287;277853.1894;4138347.812;64234472.69;2198539.225;15276549.24;5084517.905;6841652.396;112683851.6
2010;10;6597104.044;8968536.504;2077.608219;307220.4623;4137778.914;74821835.17;2368903.457;17541101.85;5444508.587;7066808.979;127255875.6
2010;11;6407698.766;9180364.97;9750.177441;464035.308;4575881.725;74764166.34;2728293.744;17122678.92;5996103.364;7827153.57;129076126.9
2010;12;6675107.879;9774530.879;13565.56212;350970.5737;5269571.725;83586553.58;2984432.1;17207130.92;5209708.634;7455211.932;138526783.8
2011;1;6979759.545;9222266.952;8835.193361;451406.461;5490315.208;87975382.56;3230985.992;16766853.66;6765837.795;7575855.919;144467499.3
2011;2;6368477.607;8427177.333;9266.288326;414700.0955;5049644.07;76860426.88;3148019.839;14083924.51;6408746.643;7422093.453;128192476.7
2011;3;7272245.623;10284678.86;6295.241951;375293.8364;5020965.899;84174510.18;3793665.067;15875914.88;6801082.721;7104862.562;140709514.9
2011;4;7677211.961;12999316.65;7550.349891;444308.3899;4057599.584;74810559.73;4808420.88;14161813.9;5130562.345;7859551.442;131956895.2
2011;5;7435013.859;11093687.49;8912.302441;411079.5405;4396730.283;76354433.11;5632571.591;15247947.64;6237508.156;7331617.671;134149501.7
2011;6;6982956.349;10595641.74;7375.913395;537934.4935;5012219.268;70458842.62;5443166.102;10573954.4;5392471.912;6841575.146;121846137.9
2011;7;7005419.606;10435500.45;6747.984936;598595.2338;3717130.774;56663317.04;5588522.843;11427121.9;7108858.334;7169743.321;109720957.5
2011;8;7007203.757;11798021.17;1434.55236;565125.0572;5208316.996;63999781.58;6450639.255;13433421.66;6272415.088;7012616.675;121748975.8
2011;9;7596498.686;12691837.21;1434.55236;581719.6995;5207126.051;73852688.22;5048370.127;12198205.46;4836125.419;6858421.41;128872426.8
2011;10;8604674.123;12657236.75;1103.1796;535409.0759;5627548.331;77514182.58;5416353.927;13965188.75;6054541.075;7340279.151;137716516.9
2011;11;8842108.819;12209928.94;0;406206.5035;5603692.02;83136699.47;5459666.423;13939180.39;6600264.69;6950634.755;143148382
2011;12;9689889.914;9592737.871;0;552774.5052;5217626.468;84000945.21;6081627.104;14988425.08;7424036.428;5540704.341;143088766.9
2012;1;9700548.345;13878808.26;2252.076592;553151.6895;5385563.697;85986663.37;6210277.457;13902647.36;8327583.378;6911211.356;150858707
2012;2;9489724.138;11878627.92;2606.603389;540734.2108;5023838.984;73501585.73;6094568.831;12671617.07;7554347.526;6617433.503;133375084.5
2012;3;10213062.55;12110530.92;1579.408064;547383.0672;5228218.668;80718843.23;2686705.997;11143408.16;7830856.751;7789300.445;138269889.2
2012;4;8427383.996;13442763.58;1660.728977;509777.3153;6122985.942;75049818.47;6875657.252;13433602.94;7350391.923;7355129.326;138569171.5
2012;5;8906127.794;13972042.37;2399.484491;578000.1568;6091642.248;64494271.26;7835254.597;12812768.56;7487268.644;6486829.087;128666604.2
2012;6;6927086.943;12307521.47;2807.475948;518348.5173;4786909.141;55185453.17;7733881.074;8776107.032;7801167.289;6253291.717;110292573.8
2012;7;7284412.784;13590719.16;2749.903002;431239.9795;4206914.486;48915149.23;6718801.058;6972189.632;7133493.824;6108485.982;101364156
2012;8;7807919.484;14398260.44;3297.666211;480039.2963;4972888.549;46963727.11;7500518.135;7250231.445;5712345.033;5735711.606;100824938.8
2012;9;8834376.198;17036531.14;489.299125;442013.1004;5211915.161;60754256.04;7984684.027;11543706.48;6783588.239;7269620.559;125861180.3
2012;10;10113756.54;19816203.76;3094.719326;619889.6963;7478464.376;78136166.12;8082267.85;13427624.33;8080551.121;9168993.98;154927012.5
2012;11;9851250.676;19976334.93;4143.546869;490274.4315;7942210.497;78306939.49;2782267.313;12213454.61;7338509.035;9180874.012;148086258.5
2012;12;10743585.83;20397608.58;2914.886685;616498.1949;7315753.97;88004649.88;8147563.099;13523520.42;8324408.832;10837607.42;167914111.1
2013;1;10767556.95;21258960.33;3261.383352;754554.6072;5461963.171;87093191.9;8977450.142;13948977.31;10247522.87;10632578.98;169146017.6
2013;2;9514194.578;19806796.2;3068.153739;693286.346;5684275.126;77727931.78;8247887.162;10277051.69;7845064.896;10026271.05;149825827
2013;3;10120904.58;17585123.64;1735.828306;737821.4678;8740157.337;86439345.54;3104070.223;13904303.26;8247234.574;10110819.85;158991516.3
2013;4;10048411.65;19600366.58;443.7107475;965659.6836;8806494.897;81679696.32;8384917.074;12636043.26;7708460.78;10147186.23;159977680.2
2013;5;9665131.62;23370646.05;2286.631295;514488.2269;6099356.549;61134367.2;3709833.19;12858197.84;8464509.199;11036282.36;136855098.9
2013;6;8536782.005;23236571.49;2300.364637;825647.8181;5889306.18;46706430.78;8683848.035;8918697.781;7680219.102;10729399.07;121209202.6
2013;7;7882893.346;21412095.25;1297.452576;864666.4986;5176841.357;46692073.99;9599748.619;8222879.8;7463906.126;9356358.363;116672760.8
2013;8;8145146.688;22689126.68;2960.054;694927.1439;7549860.67;53276137.6;5135177.723;8376150.495;6637260.351;10616261.12;123123008.5
2013;9;9468209.315;24023841.2;2840.702219;617041.8748;7071777.091;50517423.16;3483528.521;10488228.48;6662159.699;11431790.25;123766840.3
2013;10;12076843.33;29108976.89;3438.681372;1232692.716;9029333.446;77560216.59;11658449.9;13197423.82;9190191.545;13181686.4;176239253.3
2013;11;12381637.08;29408928.15;3328.148234;590029.4195;10692925.3;92480363.71;11424553.98;14298224.55;8935276.716;13762732.92;193978000
2013;12;13471348.52;31568393.63;4038.226962;852136.3337;11348544.25;117099259.7;13588025.49;14290076.53;9049874.03;15487614.15;226759310.9
2014;1;16528012.4;35167641.62;5086.465492;908697.7546;11804702.82;121469009.7;14811634.61;16196763.67;11658546.38;19034307.35;247584402.7
2014;2;18260202.74;35610760.69;4277.63196;1072606.302;11384940.16;118166532.4;14153423.6;15879959.78;11044252.79;18745079.8;244322035.9
2014;3;18099718.37;40364712.59;3979.319753;1016948.677;13413987.6;117254593.1;15588854.91;16442758.47;14594229.93;20383180.58;257162963.5
2014;4;15860967.71;34447493.15;4653.912788;707839.0159;13261203.64;120500445.3;15363418.2;15625995.49;13172143.52;18178174.04;247122333.9
2014;5;16255908;43403554;5860;1003849;11086262;107866099;17290446;15768495;15102182;19888574;247671229
2014;6;14137162;37928634;6275;774465;10402708;95882269;5627270;13521422;12971621;17330915;208582741
2014;7;16327930.8;42029016.52;5706.711497;925648.4312;12103686.27;93390331.09;16529579.02;10926981.43;12405951.59;18411351.11;223056183
2014;8;17263185.38;45746025.68;6574.887013;823539.6691;12590848.41;116968580.2;16782098.58;17604379.83;11854181.39;20154120.89;259793535
2014;9;18134082.72;46510843.43;5244.048395;903173.2327;7851784.528;132748938.9;16474537.94;18136428.82;14972355.79;19477649.44;275215038.8
2014;10;20867570.21;37579136.76;2260.845065;1049772.63;7907433.853;142934457.7;16377993.06;20574325.15;13739344.93;20424284.62;281456579.8
2014;11;19783476.89;43793498.04;6811.773003;1122986.436;12315408.09;153568934.9;15356214.48;19542619.3;13011347.52;21353905.26;299855202.7
2014;12;22066511.12;45795462.71;4715.955;1339930.705;16406958.26;171799041.1;16200905.88;20285724.95;13829158.25;20763454.11;328491863
2015;1;22706771.44;46166740.41;4854.729306;1156556.433;12905826.65;166615558.9;8045167.521;23543637.29;20168043.67;26270698.47;327583855.5
2015;2;20732350.01;39885340.71;5542.097454;1164734.429;11593959.13;160675719.3;17048270.24;19181592.49;13132239.67;19781972.85;303201721
2015;3;23382404.17;44384863.99;4980.903762;1131741.802;14848387.53;168707433.9;7940738.453;21076685.47;15836786.79;18543868.3;315857891.3
2015;4;21642426.85;49051909.4;2215.487424;1321904.717;12562820.07;156671015.9;18386949.49;22075583.65;19059121.51;19830215.44;320604162.5
2015;5;19174439.32;49936026.18;6001.435566;1293609.485;12895262.56;133927347.6;9033551.406;24605789.87;20097383.15;23761665.24;294731076.3
2015;6;15934699.97;43191800.07;5142.715116;1001969.709;9528213.213;125762160.8;18585735.38;20500916.89;18371343.56;20866934.03;273748916.3
2015;7;15140675.86;37513688.17;5695.170501;823118.6076;7202667.517;97361210.14;16734196.53;14951057.9;14818203.56;14063436.5;218613950
2015;8;18749754.08;51007827.2;4969.108869;802856.2842;9020268.115;117387566.1;17408219.5;16667833.2;14005966.67;18299702.81;263354963.1
2015;9;20475861.57;54923841.66;4023.443124;722709.3839;9580921.297;122597608.6;20325917;25605785.58;18004913.75;21705008.36;293946590.7
2015;10;25763934.64;56090112.34;4518.296996;411625.7579;9162483.106;167956323.5;18665636.91;27597680.78;25114806.19;23227232.28;353994353.8
2015;11;25480661.74;55937349.38;6351.502775;249908.9491;11168534.06;189857376.4;19831925.03;27017578.1;24325232.98;23032227.56;376907145.7
2015;12;31719745.48;58859862.36;8839.422918;749015.691;13308181.34;234527248;24720112.98;27576566.18;33605042.85;25174946.53;450249560.8
2016;1;31825389.02;80819822.89;7739.34476;788503.0979;15318664.35;272128209;29346849.84;37486776.77;35934619.66;32100275.76;535756849.7
2016;2;30283726.21;76909127.15;4728.202129;922957.0704;15968946.48;282061419.3;29029151.97;35013209.5;33878099.56;30680131.12;534751496.5
2016;3;30921145.79;71489997.03;4992.831745;918172.6343;16640050.87;282315811.4;32513340.53;37339052.67;35257231.05;46313082.01;553712876.8
2016;4;40557447.95;93300402.58;4799.77025;751253.9047;27238496.83;436408853.3;34914118.61;56695981.35;43773469.58;59414856.91;793059680.8
2016;5;43082639.06;109562328.7;7575.48297;912935.6221;24164109.36;440488842.2;41242287.4;54774736.02;47913192.05;76215635.13;838364281.1
2016;6;25123833.37;81585984.14;6885.005358;1423272.462;23399258.24;403243588.2;41585506.95;39435544.79;45438104.75;55453074.97;716695052.9
2016;7;25156978.69;79234092.34;7921.436751;361186.2112;9780069.122;276813345.6;12754799.84;36230857.53;32211038.71;55614176.58;528164466
2016;8;28460453.98;84443015.37;6658.55934;570305.5377;16263702.36;355719846.4;45058236.21;55013344.78;35522790.61;64524460.37;685582814.1
2016;9;29931341.77;79495866.54;8858.12223;837998.0182;18689559.17;388890747.1;45027774.42;46797060.19;38784980.48;81337126.95;729801312.8
2016;10;39058602.76;95501073.12;9924.701827;1094855.095;22055570.32;459724737.7;38966026.89;56423023.91;38619019.55;83258154.86;834710988.9
2016;11;38271213.32;98996358.79;10475.86373;247701.9174;22906433.04;454476411.4;43576780.24;53438946.45;36976637.43;69323742.71;818224701.1
2016;12;40772885.03;97472091.81;10572.49502;280046.0186;24546828.58;502875571.6;49275923.28;61323681.27;39793687.77;86104922.56;902456210.4
2017;1;43500061.51;101387719.5;8465.938065;296988.5254;28629428.38;558172217.1;44382554.52;60830910.67;42127686.33;88489506.79;967825539.3
2017;2;38880803.01;68043116.06;6832.146048;237707.3804;25793311.9;485282188.9;44709486.26;50758310.21;38220097.17;57481380.99;809413234
2017;3;41696090.47;98242727.04;6349.196656;118036.323;27944952.91;489210101.4;44068597.43;46405328.64;43505190.48;83543751.19;874741125.1
2017;4;36746918.68;99335023.1;2705.487103;199002.9106;24048515.94;486245079;39083628.52;52794528.4;41900963.53;88299380.84;868655746.4
2017;5;39044101.63;98584050.01;8120.111045;99555.04365;23661885.16;525138602.4;44666054.62;54327234.41;48711963.92;87803722.29;922045289.6
2017;6;38741364.7;98123197.07;11597.92643;423805.3752;18465735.9;454583541.2;39323919.96;56288584.29;46758045.46;97281458.06;850001249.9
2017;7;38942337.09;106113230.5;9486.947811;506479.4135;19515707.29;511006112.5;43841669.1;58275418.45;50661475.7;97153889.81;926025806.8
2017;8;40929508.42;99838754.99;6015.5496;569806.9935;22916769.06;527595233.5;55323069.88;59239303.45;55885793.09;95003894.56;957308149.5
2017;9;41488508.56;102031495.4;1627.84825;601162.0887;18726300.17;494959785;46436518.97;53997561.44;55791496.4;89910209.38;903944665.3
2017;10;40612997.21;108351210;1036.294425;668037.8443;20409214.56;554020200.2;51111612.17;63625451.63;61706722.55;91357568.07;991864050.5
2017;11;39299849.88;92285067.16;0;618861.3304;14345604.41;517407568.9;50302891.05;61652114.19;59647607.34;86394623.33;921954187.6
2017;12;46720752.81;113158822.2;0;638209.3137;20718409.48;642053194.5;65739660.81;68296088.5;71943758.14;96542523.62;1125811419
2018;1;55811380.37;139358165.6;0;587324.7996;7967750.648;724269907.7;73871636.81;75069412.69;90837048.24;122550513.9;1290323141
2018;2;50283708.94;131154306.8;0;472180.8863;6188311.983;680997852.6;63543659.32;67299066.9;54637833.37;113418405.5;1167995326
2018;3;57340138.74;150979990.6;0;310150.7496;13028382.25;650566558;68086679.47;67141194.77;20481381.83;72342551.89;1100277028
2018;4;63017370.61;166044769.1;0;257968.0521;33664562.28;811840076.9;64324600.24;71277987.71;25323186.43;130377397.8;1366127919
2018;5;77102521.15;198769380.3;0;596154.7373;27566203.75;906821524.8;88273329.64;100454552.5;46930355.77;150148325.1;1596662348
2018;6;78496162.23;208448232.4;0;476697.2101;39491829.73;1068876151;87501642.74;89264429.74;46517593.92;163701874.6;1782774614
2018;7;90189138.65;231199778.2;0;332270.4493;43208057.49;1241127568;98065522.25;104147007.3;57088816.88;183472848;2048831007
2018;8;105152988.9;272605565.7;0;435037.991;51357937.08;1488556533;112508785.5;117198758.9;133756873.8;228585474.9;2510157956
2018;9;96648985.34;240959447.4;46712.86003;319828.6459;38675412.96;1318856385;122568598.5;111957653.7;113320906.5;200812307.9;2244166239
2018;10;83439822.03;236535652.7;0;361887.6628;26767191.4;1113064842;101561541.9;112863025.8;104048785;192720368.3;1971363117
2018;11;80218521.45;145673108.2;0;422943.7147;21961587.66;1103120005;96029079.83;106360710.5;120535485.8;146050683.1;1820372126
2018;12;82927085.2;204465530.5;0;365562.9614;14237100.36;1102603855;94139182.14;79327045.66;130721441.2;187201837.1;1895988640
2019;1;81282120.32;197546423.9;129570.5024;341602.1617;11415141.62;1066526661;100852376.5;77207826.56;120007819.6;175165169.5;1830474712
2019;2;80000239.74;197902076.1;149245.6094;269592.2783;19220936.72;956704123.2;87306237.78;111537524.8;79114662.77;165331186;1697535825
2019;3;83509112.27;223685437.6;163951.01;341343.865;20012656.24;1078789900;106322501.8;122399887.2;132600146.5;177522413.1;1945347350
2019;4;79690927.23;237594889.7;0;348697.8446;25675410.41;1282755851;107710351.9;136703597.6;119559631.2;157337542.1;2147376899
2019;5;96959964.58;277298882.9;0;345999.1718;30493245.06;1467638753;126661645.7;140496476;150694908.9;194191417.1;2484781293
2019;6;97127018.76;305099779.1;0;351476.0145;36793939.96;1689395889;132343118.5;131999400.9;184635178.6;207223428.7;2784969229
2019;7;113281083.6;351607898.4;0;368725.0425;37245785.36;2112522308;157122097;167295138.3;254809809.8;242301518.8;3436554364
2019;8;101908907.5;354681567.1;0;454268.272;36776903.65;2034692980;159381512.7;162998702.5;216305761.6;228947199.2;3296147803
2019;9;101146556.7;278098064.8;0;460308.0475;33833495.56;1678495672;139994663.9;155797788.7;208080052.7;208178790.5;2804085393
2019;10;93652372.24;263566419.7;0;532622.1929;30362348.21;1565253004;117320094.7;159002084.1;181312228.7;169904386.7;2580905561
2019;11;77819170.43;231073751.7;0;265713.2003;27958859.77;1312463371;111043740.5;151190061.2;166108197.8;143563618.1;2221486484
2019;12;82011698.58;209526957.5;0;415770.2027;23692866.54;1310889699;103242230.2;153277355.3;173139332.5;158610790.4;2214806700
2020;1;82034057.99;236044234.5;0;264714.2892;22122915.38;1323569378;97678477.03;152486494.2;167733727;159056025.4;2240990024
2020;2;75814938;212042384;0;253558.2103;25309494.26;1420291412;105516021.6;129070185.3;147287991.1;159465254.1;2275051239
2020;3;95090182.36;231694635;0;278979.5173;25568868.77;1468151123;111102067.6;137249110.5;151539256.8;175025955.3;2395700179
2020;4;70199778.81;171165043.4;0;26387.60598;22688079.78;1082189918;85978039.23;127715484.6;135764194.1;152478291.9;1848205218
2020;5;70708180.55;253007384.3;0;296036.4503;23925040.61;1329039037;84776782.34;98937918.57;159772058.1;177844004.2;2198306442
2020;6;0;0;0;0;0;0;0;0;0;0;0
2020;7;0;0;0;0;0;0;0;0;0;0;0
2020;8;0;0;0;0;0;0;0;0;0;0;0
2020;9;0;0;0;0;0;0;0;0;0;0;0
2020;10;0;0;0;0;0;0;0;0;0;0;0
2020;11;0;0;0;0;0;0;0;0;0;0;0
2020;12;0;0;0;0;0;0;0;0;0;0;0
