indice_tiempo,produccion_gas_natural,total,residencial,comercial,entes_oficiales,industria,centrales_electricas,sdb,gnc,metrogas,gas_natural_fenosa,distrib_gas_del_centro_ecogas,distrib_gas_cuyana_ecogas,litoral_gas,gasnea,redengas,gasnor,camuzzi_gas_pampeana,camuzzi_gas_del_sur
1996-01-01,2402.7898688000005,1887.181,211.996,42.534,8.783,722.624,803.185,12.203,85.856,496.604,150.44,90.166,99.731,180.638,0.0,1.343,135.642,387.077,345.54
1996-02-01,2218.2499178,1731.663,216.713,43.851,9.499,714.512,656.703,14.482,75.903,398.279,168.594,84.35,95.175,168.693,0.0,1.439,137.112,350.583,327.438
1996-03-01,2618.4655350000003,2018.787,225.193,56.13,16.476,791.862,832.398,15.871,80.857,503.75,177.37,92.186,111.341,184.743,0.0,1.587,140.103,424.864,382.843
1996-04-01,2478.166102199999,1935.116,351.159,73.16,17.779,773.839,612.963,18.109,88.107,458.635,200.311,98.59,93.188,192.93,0.0,1.591,125.108,350.836,413.927
1996-05-01,2906.6127700000025,2304.545,572.829,75.569,23.653,769.583,748.281,22.857,91.773,562.713,259.457,112.201,115.219,237.872,0.0,2.073,141.535,438.766,434.709
1996-06-01,3184.5352624000006,2601.3,933.705,124.869,37.607,756.43,623.267,33.621,91.801,628.611,353.237,133.14,131.945,223.846,0.0,3.293,168.572,464.426,494.23
1996-07-01,3329.741786299998,2812.418,1116.077,138.57,37.284,788.462,597.608,39.507,94.91,705.811,398.55,141.131,134.632,223.061,0.0,4.514,195.621,481.558,527.54
1996-08-01,3055.8477049999988,2522.663,726.739,112.26,32.853,810.03,719.79,27.494,93.497,595.657,293.511,120.751,109.522,251.081,0.0,2.609,188.515,447.323,513.694
1996-09-01,3066.0765472999997,2466.953,607.052,96.687,25.776,842.01,781.06,22.992,91.376,629.643,286.863,123.854,109.556,248.684,0.0,2.534,189.153,441.145,435.521
1996-10-01,2682.842870900001,2152.581,377.468,59.7,17.904,836.331,748.962,15.108,97.108,500.026,218.384,103.674,103.487,246.789,0.0,2.052,197.764,375.116,405.289
1996-11-01,2632.552541600001,1955.893,265.339,51.197,13.081,777.141,741.77,11.216,96.149,397.117,196.643,96.736,93.703,243.71,0.0,1.862,180.853,376.735,368.534
1996-12-01,2792.1823068,2030.946,238.832,49.807,11.503,768.437,846.839,11.019,104.509,433.947,185.394,113.937,94.244,249.701,0.0,1.814,196.88,371.375,383.654
1997-01-01,2969.2547366999997,2093.626,198.317,40.469,8.961,740.831,1000.455,11.06,93.533,489.032,165.352,111.146,116.415,248.161,0.0,1.55,192.283,407.469,362.218
1997-02-01,2755.304943500001,1881.045,201.257,46.286,11.537,716.437,807.345,12.719,85.464,387.317,162.71,100.212,106.636,225.461,0.0,1.561,170.437,379.787,346.924
1997-03-01,3000.3040632999987,2018.355,252.665,57.053,11.776,728.017,856.176,13.722,98.946,409.354,191.824,107.96,121.582,254.25,0.0,1.84,174.601,355.254,401.69
1997-04-01,3101.482865899999,2295.219,326.813,67.712,15.12,817.889,949.555,16.129,102.001,526.37,218.936,118.581,121.888,260.793,0.0,1.99,192.253,432.326,422.082
1997-05-01,3385.9462290599995,2622.098,575.732,90.524,22.648,851.391,952.38,23.609,105.814,624.269,275.413,146.042,124.358,258.061,0.0,2.527,225.375,462.013,504.04
1997-06-01,3409.3661750000006,2800.234,911.897,120.214,37.385,857.247,731.737,36.902,104.852,634.711,371.617,154.91,141.726,243.062,0.0,3.524,238.294,484.8,527.59
1997-07-01,3428.6746325499985,2782.459,941.901,130.013,33.161,876.988,652.785,38.58,109.031,591.03,376.997,137.155,145.684,280.997,0.0,3.884,257.762,470.104,518.846
1997-08-01,3275.9857386499984,2494.021,827.223,110.513,31.704,839.851,539.029,33.424,112.277,489.537,336.589,133.561,139.846,287.731,0.0,3.36,246.969,464.604,391.824
1997-09-01,3035.5514649999986,2179.809,618.26,108.237,23.494,837.519,456.058,26.177,110.064,426.514,295.096,122.241,121.744,264.135,0.0,2.538,219.02,436.536,291.985
1997-10-01,3011.6714429999997,2083.794,423.574,83.319,19.008,906.162,515.107,19.774,116.85,386.777,252.457,120.29,117.41,271.052,0.0,2.277,215.524,439.861,278.146
1997-11-01,2872.461952,1893.664,293.743,64.791,14.179,785.258,608.863,14.768,112.062,367.254,200.267,111.647,112.11,264.599,0.0,2.078,174.351,378.033,283.324
1997-12-01,2790.0856115500005,1785.662,231.743,75.851,14.422,784.972,547.176,14.456,117.042,345.899,188.406,101.02,107.203,241.643,0.0,2.058,168.39,375.213,255.83
1998-01-01,2799.9519319999995,1735.64,199.383,60.142,9.688,774.896,565.369,14.967,111.195,303.11,172.32,102.518,113.595,240.215,0.0,2.163,157.727,385.287,258.705
1998-02-01,2666.6470882000026,1690.383,225.227,46.999,10.039,721.503,574.795,15.78,96.04,249.033,183.043,95.053,114.96,212.697,0.0,2.111,189.333,326.075,318.079
1998-03-01,2997.3148986400006,1943.254,274.951,64.157,11.996,836.458,626.176,15.658,113.858,308.697,208.416,111.953,128.505,248.953,0.0,2.496,192.805,386.547,354.882
1998-04-01,3023.360963100001,2045.132,365.574,76.146,16.816,843.292,604.87,20.579,117.855,312.145,232.039,126.081,134.996,242.086,0.0,2.417,196.313,386.14,412.915
1998-05-01,3425.8455480000016,2456.322,603.308,91.882,23.322,913.951,681.056,27.559,115.244,406.584,293.713,158.753,149.402,275.958,0.0,3.03,227.16,459.484,482.238
1998-06-01,3575.796241999998,2826.483,939.826,116.303,36.834,905.998,669.773,40.183,117.565,535.712,378.348,170.569,174.362,279.78,0.0,4.272,256.954,490.312,536.173
1998-07-01,3632.547869,2837.742,900.008,104.944,29.088,903.831,740.727,38.79,120.354,542.311,362.639,166.007,180.483,284.91,0.0,4.332,261.904,503.349,531.807
1998-08-01,3568.2953897000007,2765.251,826.834,110.755,43.792,890.481,732.303,37.231,123.856,535.645,342.154,158.314,171.266,289.919,0.0,4.4,261.089,464.032,538.433
1998-09-01,3342.9567759000006,2460.012,714.72,92.743,33.472,801.186,664.458,30.939,122.494,450.47,305.35,140.738,169.282,273.396,0.0,3.639,255.862,398.378,462.897
1998-10-01,3256.2284339999997,2189.06,345.619,62.24,22.576,814.229,799.971,16.781,127.644,388.308,222.774,119.326,147.776,251.801,0.0,2.815,253.467,391.091,411.701
1998-11-01,3130.204427749999,2179.641,270.797,60.247,19.091,773.609,917.991,14.958,122.948,456.502,192.854,134.412,148.164,240.703,0.0,2.647,240.695,397.736,365.928
1998-12-01,3159.956447999999,2131.355,211.155,62.343,20.446,730.185,970.831,13.594,122.801,431.424,173.271,140.216,142.396,258.062,0.0,2.259,215.775,404.371,363.58
1999-01-01,3081.627192,2067.21,213.18,51.902,12.908,692.048,968.681,14.036,114.455,411.053,160.046,116.926,137.681,245.473,0.007,2.065,219.127,408.763,366.069
1999-02-01,2911.2259290000015,1980.801,196.735,49.953,13.75,672.614,926.196,13.448,108.105,425.198,162.474,103.819,129.637,217.097,0.092,1.901,195.227,385.855,359.501
1999-03-01,3325.2273199999986,2397.612,262.726,62.821,17.449,807.129,1106.995,16.215,124.277,548.999,188.079,129.168,151.541,267.205,0.413,2.431,222.677,437.109,449.99
1999-04-01,2311.0,2393.171,455.76,87.539,26.978,819.874,856.72,23.934,122.366,447.105,236.817,129.122,157.216,275.609,1.287,2.795,211.219,458.237,473.764
1999-05-01,3862.7396570000005,2831.401,726.185,101.786,32.038,855.477,955.33,33.641,126.944,656.055,298.9,166.507,163.867,281.277,1.522,3.615,213.994,508.136,537.528
1999-06-01,3937.49756787,2985.835,1033.745,128.707,44.877,816.873,789.847,45.58,126.206,668.352,373.877,173.894,181.494,270.901,1.122,5.15,246.763,480.64,583.642
1999-07-01,3913.0,3140.439,1163.471,132.731,42.43,844.626,778.245,49.08,129.856,702.042,413.45,183.347,180.753,280.003,2.05,5.279,277.23,510.033,586.253
1999-08-01,3723.7211829999983,2961.801,897.823,117.378,42.992,888.033,845.115,39.295,131.165,654.183,353.091,170.812,171.755,277.72,2.03,4.159,286.809,510.116,531.127
1999-09-01,3555.515572,2584.232,599.521,83.793,28.97,876.269,839.842,27.408,128.429,581.364,272.117,131.844,142.646,263.483,2.056,3.343,260.232,465.512,461.634
1999-10-01,3542.02298721,2415.776,456.959,81.361,26.828,884.251,812.403,21.399,132.575,560.708,253.16,128.582,141.905,273.102,1.988,3.059,262.636,434.746,355.89
1999-11-01,3263.412127,2142.557,299.818,63.065,19.067,819.255,796.252,14.669,130.431,539.0,215.779,127.197,128.97,273.256,2.023,2.176,212.44,338.45,303.266
1999-12-01,3662.6150486000006,2274.05,250.821,55.176,15.791,800.183,1004.226,13.747,134.106,588.312,199.762,124.622,128.349,279.925,1.862,2.572,212.561,382.77,353.315
2000-01-01,3445.1998005300006,2282.271,202.635,49.425,14.476,753.263,1124.541,13.452,124.479,605.851,156.47,129.712,119.869,257.119,1.96,2.237,208.87,409.167,391.017
2000-02-01,3420.9420042999996,2215.346,197.857,52.296,15.827,743.015,1071.751,15.126,119.474,562.27,169.361,127.366,131.472,257.934,2.095,2.276,213.387,371.62,377.565
2000-03-01,3511.280689040002,2396.851,283.489,67.697,20.182,838.858,1034.344,17.478,134.802,619.19,216.081,130.713,140.97,265.571,2.462,2.359,197.139,405.877,416.488
2000-04-01,3539.0640203,2425.25,374.611,75.495,23.775,819.601,980.807,19.735,131.226,586.148,235.608,138.888,128.669,253.221,2.829,2.785,203.099,412.603,461.4
2000-05-01,4174.491260769999,2943.309,790.91,110.019,32.929,881.79,949.121,36.688,141.852,701.966,339.649,173.066,172.165,287.581,3.717,4.186,241.32,484.254,535.405
2000-06-01,4184.555584400002,3007.93,976.339,127.124,44.153,814.916,862.796,45.054,137.548,698.133,370.402,174.997,179.954,272.113,4.39,5.028,255.395,479.874,567.645
2000-07-01,4290.046934809999,3223.376,1297.07,145.406,44.579,801.668,734.14,55.37,145.143,762.653,455.091,191.756,194.554,289.003,5.228,6.419,262.948,507.727,547.997
2000-08-01,5296.385512850003,3159.132,1005.989,125.063,43.749,907.998,882.422,44.759,149.152,721.04,392.187,184.525,182.028,288.53,4.221,5.462,291.786,528.487,560.865
2000-09-01,3875.9973479600017,2797.686,782.551,102.919,34.631,861.937,835.34,35.458,144.85,683.112,328.789,149.13,163.031,257.452,4.154,4.352,256.89,447.435,503.341
2000-10-01,3491.7404144100005,2403.368,473.52,76.347,26.76,898.068,755.468,22.169,151.036,502.475,262.144,128.54,153.489,269.649,4.042,3.368,249.103,445.606,384.952
2000-11-01,3157.451845749999,2062.55,331.82,63.71,21.284,829.015,653.506,17.043,146.172,422.163,228.245,110.041,122.322,251.225,3.883,3.06,210.928,401.24,309.442
2000-12-01,2807.0411721800006,2321.248,250.345,57.82,17.734,814.656,1014.449,14.744,151.5,580.682,213.359,143.566,137.316,267.137,3.451,2.879,235.947,440.144,296.767
2001-01-01,3470.20277186,2029.423,216.529,49.646,14.839,766.806,821.863,14.015,145.725,487.704,176.255,118.532,117.642,228.187,3.838,2.517,202.645,421.673,270.429
2001-02-01,3145.115903740001,1950.246,190.299,49.977,14.86,713.657,834.284,14.748,132.421,460.542,169.616,108.123,113.827,207.711,3.869,2.331,180.012,432.622,271.593
2001-03-01,4926.3552493399975,2366.818,281.877,64.813,19.59,840.237,990.633,18.164,151.505,602.499,223.792,129.087,149.415,243.898,5.0,2.781,192.887,486.813,330.646
2001-04-01,4759.473549160001,2341.266,424.32,79.999,25.898,834.467,801.684,23.875,151.023,553.184,245.538,125.015,142.802,239.596,5.133,3.15,186.955,472.976,366.917
2001-05-01,4363.13298402,2899.885,858.143,117.212,39.211,847.35,838.22,40.842,158.907,711.007,353.797,165.672,180.255,272.408,5.872,4.84,233.935,499.547,472.552
2001-06-01,4157.500648119999,2803.303,970.205,124.876,47.391,784.406,676.871,44.82,154.734,658.239,373.254,163.069,176.285,266.278,5.597,5.166,244.291,483.762,427.362
2001-07-01,4418.05462557,2980.534,1168.209,132.234,48.347,813.424,604.697,50.563,163.06,693.017,409.319,169.124,190.921,283.73,6.93,5.126,252.409,545.107,424.851
2001-08-01,4078.629994290001,2658.716,829.858,107.606,42.641,868.334,608.247,39.81,162.22,554.279,334.708,151.122,169.862,255.122,6.471,4.315,248.838,533.59,400.349
2001-09-01,4022.771432859999,2594.805,741.434,93.978,36.312,833.169,700.031,33.747,156.134,617.122,311.843,149.794,160.659,207.646,6.075,4.31,249.687,502.963,386.872
2001-10-01,3667.344690174209,2051.054,468.32,74.519,26.669,820.862,474.871,22.875,162.938,404.96,262.597,105.676,128.55,221.222,5.412,3.275,219.019,430.622,269.721
2001-11-01,3471.8222462700005,2021.501,312.915,58.932,19.666,780.546,677.708,16.506,155.228,491.176,221.733,105.607,116.474,205.531,5.065,3.037,220.63,360.951,284.189
2001-12-01,3546.669457039999,2089.408,255.1,54.477,16.43,723.354,868.842,14.535,156.67,612.318,196.889,107.289,93.575,204.74,4.661,2.55,222.892,378.995,265.134
2002-01-01,3569.95847994,2021.294,209.225,45.167,13.671,645.155,945.138,15.05,147.888,593.003,168.244,97.806,114.839,191.619,4.419,2.3,231.626,336.176,281.262
2002-02-01,3312.1815205199987,1862.896,207.053,47.352,14.31,710.104,732.071,16.091,135.915,478.908,172.958,77.427,115.889,179.889,5.534,2.46,210.749,361.19,257.892
2002-03-01,3706.9817382300007,2176.097,297.416,58.444,18.502,823.503,803.576,20.605,154.051,506.421,213.163,104.227,129.963,217.139,4.579,2.703,240.311,409.998,347.593
2002-04-01,3695.237011069998,2320.726,460.113,78.207,26.044,866.256,706.559,25.842,157.705,518.352,254.9,111.315,134.448,246.237,6.397,3.418,246.363,422.249,377.047
2002-05-01,4136.959333597999,2645.684,654.871,93.709,34.246,917.104,743.803,37.046,164.905,576.821,292.241,162.693,159.354,264.444,8.136,4.028,233.217,495.508,449.242
2002-06-01,4336.2367168380015,2947.45,1090.713,137.932,52.352,828.123,618.712,54.106,165.512,643.124,398.949,172.077,183.88,272.38,8.554,5.177,250.994,554.46,457.855
2002-07-01,4612.249874585998,3177.648,1141.089,134.969,49.89,870.046,745.008,57.127,179.519,756.488,424.874,189.937,171.293,293.075,8.731,5.965,284.945,563.064,479.276
2002-08-01,4926.866302419998,2826.916,923.609,111.484,44.357,879.18,641.578,46.762,179.946,628.202,361.255,159.607,153.563,285.013,8.47,4.639,289.666,502.853,433.649
2002-09-01,3923.678857695001,2426.925,695.913,93.301,35.866,875.647,508.844,36.894,180.46,479.227,319.232,133.706,122.226,249.758,7.619,3.842,254.437,476.17,380.708
2002-10-01,3526.7213096499986,1933.237,416.406,69.386,25.178,788.295,420.097,24.386,189.489,364.171,254.022,108.259,112.703,250.299,6.764,3.39,206.151,350.893,276.585
2002-11-01,3269.232472200001,1783.524,312.901,62.642,21.741,768.999,410.014,20.106,187.121,348.591,234.234,108.01,102.076,233.503,6.765,3.333,190.93,351.004,205.078
2002-12-01,3393.059055800002,1867.333,246.555,54.628,17.237,824.847,508.535,17.723,197.808,377.069,222.705,122.079,102.595,235.456,6.06,2.962,205.385,374.658,218.364
2003-01-01,3539.9529464,1918.685,216.471,53.295,17.112,802.015,616.557,20.017,193.218,376.271,200.942,135.899,100.535,229.951,5.196,2.877,216.594,386.898,263.522
2003-02-01,3430.24619572,1930.948,208.068,52.872,16.771,780.404,673.429,20.678,178.726,451.892,204.896,131.903,123.169,209.934,6.613,2.82,196.567,372.774,230.38
2003-03-01,3835.8827001100008,2175.703,274.824,61.292,20.685,899.95,695.352,21.759,201.841,458.424,238.609,147.556,145.439,240.371,8.611,3.195,236.198,404.537,292.763
2003-04-01,3880.6942175699987,2319.117,441.421,73.146,25.737,920.152,618.941,28.569,211.151,447.012,267.85,156.813,149.083,263.642,8.923,3.763,222.292,440.9,358.839
2003-05-01,4503.114784280002,2858.86,748.082,100.677,35.72,970.176,747.557,42.354,214.294,653.662,353.111,185.586,162.023,286.953,10.547,4.884,233.021,535.261,433.812
2003-06-01,4678.3099382,3002.138,953.568,115.217,45.777,864.247,753.754,51.779,217.796,716.813,401.988,177.215,176.742,283.975,10.264,5.184,225.704,525.37,478.883
2003-07-01,4853.253484699997,3137.996,1138.239,129.482,67.268,850.343,662.135,61.755,228.774,727.962,451.477,193.079,195.505,296.77,12.512,6.201,242.956,559.663,451.871
2003-08-01,4946.697774494152,3144.08,1095.78,130.143,50.83,872.517,701.08,57.686,236.044,767.317,436.309,186.969,198.415,290.249,12.486,6.113,234.68,558.255,453.287
2003-09-01,4590.338684699999,2931.533,763.147,100.53,38.263,919.453,836.559,41.738,231.843,770.622,365.796,177.453,158.367,277.141,12.775,5.352,219.745,515.88,428.402
2003-10-01,4431.4177778700005,2612.317,442.638,73.722,27.883,948.988,850.179,28.004,240.903,730.899,288.213,154.391,151.083,274.759,12.006,3.656,205.852,454.672,336.787
2003-11-01,4038.4536909299995,2378.32,321.131,62.697,23.148,919.568,798.353,20.207,233.216,575.275,260.527,151.255,146.114,254.479,9.935,3.255,217.95,464.605,294.925
2003-12-01,4175.160763043199,2354.563,259.039,68.322,20.233,935.058,796.976,22.752,252.183,541.917,256.994,175.753,148.255,266.176,10.004,3.231,207.475,446.7,298.058
2004-01-01,4172.036896630001,2468.639,216.871,56.133,16.406,922.32,999.611,22.725,234.573,627.942,220.762,169.959,155.278,247.06,9.846,3.269,258.734,489.75,286.039
2004-02-01,4045.34339823,2464.479,212.727,60.908,17.339,938.992,983.058,23.272,228.183,678.003,224.395,143.49,146.811,236.108,10.078,3.18,239.906,492.059,290.449
2004-03-01,4355.016948900001,2636.433,270.694,68.368,21.899,1007.806,994.573,24.545,248.548,734.405,256.356,148.471,169.595,275.083,11.821,3.576,236.406,492.993,307.727
2004-04-01,4252.4326650400035,2614.067,428.328,76.291,25.225,922.247,882.578,30.884,248.514,692.852,275.688,158.952,168.036,271.283,11.655,3.849,226.958,462.07,342.724
2004-05-01,4506.746741900002,3036.883,905.307,121.322,39.635,904.3,757.203,53.268,255.848,759.696,384.21,170.627,192.461,286.737,12.981,5.171,252.889,553.811,418.3
2004-06-01,4539.30745616,3077.912,987.879,132.602,45.307,882.42,721.014,60.285,248.405,726.361,403.68,173.433,195.732,282.935,14.144,6.888,248.835,562.859,463.045
2004-07-01,4648.49247719,3162.57,1154.027,136.044,48.571,853.78,640.934,65.697,263.517,731.165,436.684,180.162,211.193,285.736,16.132,6.325,256.595,571.756,466.822
2004-08-01,4622.294949140001,3089.398,977.549,127.803,45.788,868.237,747.775,59.692,262.554,757.874,377.352,180.549,202.942,281.04,16.551,6.127,257.761,567.773,441.429
2004-09-01,4416.755997970001,2932.503,669.492,96.609,34.798,965.1,870.13,39.484,256.89,771.565,346.394,170.66,172.096,263.992,15.224,4.408,254.687,519.581,413.896
2004-10-01,4311.97772135,2762.396,476.968,92.153,29.418,1028.057,836.6,31.931,267.269,752.317,311.823,145.8,165.737,255.469,13.656,4.189,249.773,521.523,342.109
2004-11-01,4033.72717745,2536.969,346.485,80.801,24.639,948.581,851.136,26.0,259.327,721.33,287.836,155.832,151.029,247.078,12.612,4.248,237.787,416.367,302.85
2004-12-01,4215.4429374699985,2690.5,264.049,70.779,19.447,984.245,1058.679,22.48,270.821,763.21,265.417,168.206,156.695,238.155,11.445,4.143,242.897,509.371,330.961
2005-01-01,4097.825708639999,2775.428,216.926,56.779,17.696,980.356,1220.462,26.042,257.168,776.601,227.295,178.818,159.822,299.47,10.837,3.607,247.094,546.021,325.864
2005-02-01,3800.3520632499994,2482.956,215.293,59.476,17.693,861.635,1066.948,26.368,235.543,733.479,226.394,155.146,160.642,256.106,11.086,3.91,245.31,403.881,287.002
2005-03-01,4115.929633812001,2795.845,297.525,74.61,22.797,971.66,1137.061,27.957,264.235,800.848,272.813,174.215,174.155,262.625,12.993,4.372,277.138,481.362,335.324
2005-04-01,4102.137748244001,2868.261,507.916,84.337,24.382,991.557,962.762,36.775,260.532,695.285,314.236,170.641,177.505,282.389,13.793,4.963,263.576,519.581,426.292
2005-05-01,4571.4253498097,3163.289,852.47,109.488,42.322,940.826,895.962,55.296,266.925,743.814,379.548,185.501,191.705,273.36,16.766,6.217,279.016,582.782,504.58
2005-06-01,4493.463267979996,3093.669,1012.582,130.815,49.608,897.482,679.334,63.981,259.867,705.309,403.979,180.443,206.666,254.869,16.456,6.258,258.354,571.361,489.974
2005-07-01,4662.061184049997,3299.992,1204.329,140.083,62.745,885.951,662.24,71.964,272.68,742.514,440.607,192.725,215.416,257.563,19.496,6.666,291.367,622.614,511.024
2005-08-01,4623.3297779999975,3309.845,1091.741,141.677,55.335,936.344,745.212,67.416,272.12,755.704,436.093,194.943,212.904,290.004,17.975,6.732,282.554,610.348,502.588
2005-09-01,4321.353828499999,3055.822,864.876,99.738,46.268,1046.855,681.493,53.15,263.442,697.564,393.439,177.733,193.333,282.234,17.101,6.322,283.818,599.558,404.72
2005-10-01,4196.378999300001,2796.247,528.657,88.316,29.899,1089.346,751.665,36.236,272.128,661.14,323.049,158.195,174.18,287.392,14.252,5.015,299.979,550.531,322.514
2005-11-01,4116.0278161,2731.215,356.598,70.551,19.458,1059.096,937.342,25.69,262.48,673.324,324.054,154.941,168.093,276.966,12.636,4.238,289.55,512.88,314.533
2005-12-01,4134.317218600001,2638.974,288.982,69.185,15.11,1010.908,949.582,25.352,279.855,673.35,267.574,160.43,174.209,297.192,12.293,4.197,289.464,471.536,288.729
2006-01-01,4252.653309930002,2783.618,237.793,52.036,11.134,1082.031,1122.27,26.93,251.424,708.138,244.795,153.632,176.268,328.632,12.125,3.723,281.82,563.366,311.119
2006-02-01,3905.8880926220004,2664.907,215.15,47.764,12.553,1007.407,1120.641,29.496,231.896,710.837,227.952,143.926,171.305,285.84,11.915,3.787,264.835,528.743,315.767
2006-03-01,4301.328558899998,2916.735,324.255,69.065,18.745,1121.995,1085.482,32.051,265.142,758.834,282.524,161.437,172.124,323.133,14.18,4.574,275.825,547.871,376.233
2006-04-01,4188.6118108499995,2910.874,435.362,97.837,23.413,1067.723,995.899,36.077,254.563,767.409,297.655,146.814,175.128,333.885,13.826,4.571,248.176,556.438,366.972
2006-05-01,4440.408226900001,3270.838,937.938,121.831,41.404,1068.969,784.911,60.407,255.378,766.546,407.219,169.459,200.83,333.115,18.39,6.405,276.699,645.813,446.362
2006-06-01,4402.552487394,3301.585,1125.287,146.226,47.666,1010.527,652.728,72.805,246.346,700.09,435.45,176.387,207.052,320.738,18.887,7.384,315.112,624.409,496.076
2006-07-01,4526.547351730001,3351.48,1109.572,120.917,46.334,1032.19,712.479,69.125,260.863,723.681,414.942,181.445,213.416,319.891,18.383,6.829,326.063,635.955,510.875
2006-08-01,4549.934244620003,3443.327,1192.689,154.092,54.767,1017.702,683.286,76.108,264.683,715.595,445.389,204.432,211.096,331.217,21.681,8.077,333.937,635.674,536.229
2006-09-01,4361.732698103335,3143.688,785.044,95.885,52.074,1070.185,831.203,53.746,255.551,746.651,366.37,172.572,188.7,316.254,17.123,6.181,312.34,585.071,432.426
2006-10-01,4363.270568599001,3089.795,455.703,78.215,28.543,1159.943,1073.935,36.08,257.376,762.381,299.772,182.701,182.819,326.262,14.306,4.887,308.626,575.817,432.224
2006-11-01,4117.82259274,2941.309,335.891,67.55,18.841,1134.904,1104.418,29.148,250.557,769.553,273.685,185.521,170.993,321.451,13.407,4.655,293.873,549.262,358.909
2006-12-01,4205.6071091799995,2998.789,246.414,62.338,15.818,1127.169,1262.765,25.201,259.084,782.441,247.148,181.108,176.335,319.858,12.653,4.299,300.203,600.73,374.014
2007-01-01,4198.84450093,2882.546,220.808,55.027,10.975,1124.15,1198.571,29.325,243.69,779.335,232.364,172.034,173.87,265.805,12.757,3.887,308.786,598.776,334.932
2007-02-01,3715.244786459999,2777.489,216.964,56.789,10.206,1036.196,1205.832,30.436,221.066,739.802,218.357,161.769,170.488,260.649,12.608,3.912,295.345,549.607,364.952
2007-03-01,4251.8185621699995,3055.134,304.292,68.18,14.961,1195.144,1193.427,31.94,247.19,751.303,266.775,190.123,175.219,327.231,15.113,4.719,290.97,618.686,414.995
2007-04-01,4264.383035859999,3114.432,462.757,84.547,22.376,1167.771,1104.075,37.494,235.412,716.942,287.1,204.265,185.528,339.589,16.804,4.726,284.615,635.342,439.521
2007-05-01,4478.719664359999,3506.982,1161.528,142.307,46.229,1065.574,766.568,77.441,247.335,726.537,452.267,208.542,209.624,332.479,24.527,8.081,344.604,644.572,555.749
2007-06-01,4317.037152410002,3466.108,1436.244,155.056,69.307,779.789,700.886,91.897,232.929,675.922,472.693,207.902,223.625,312.895,25.356,9.188,365.343,559.749,613.435
2007-07-01,4485.0389069500025,3608.376,1632.299,177.519,69.245,718.684,682.857,102.666,225.106,677.733,505.968,229.692,235.852,325.35,27.554,10.203,364.631,526.285,705.108
2007-08-01,4445.889927810002,3560.013,1542.691,179.522,71.68,800.215,621.983,96.477,247.445,668.854,505.76,224.187,244.094,320.156,27.043,6.001,349.526,554.769,659.623
2007-09-01,4319.43679549,3286.038,818.462,107.594,44.88,1000.346,1019.979,59.401,235.376,756.776,331.672,164.885,191.603,310.646,18.647,7.234,332.693,620.671,551.211
2007-10-01,4212.069068485003,3197.871,521.985,82.213,27.254,1162.205,1119.53,42.005,242.679,750.196,298.955,180.042,171.259,362.59,16.144,7.554,329.354,611.852,469.925
2007-11-01,3996.41683028,3073.134,410.691,73.405,20.988,1145.284,1155.727,33.003,234.036,748.919,280.342,186.631,166.259,354.629,14.657,5.216,314.945,597.348,404.188
2007-12-01,4251.0477590750015,3205.606,267.788,59.025,13.553,1181.425,1412.237,26.026,245.552,816.524,251.973,206.124,177.693,349.912,13.322,4.387,330.318,601.864,453.489
2008-01-01,4157.115139977999,3103.092,241.816,57.231,10.376,1117.393,1422.101,30.175,224.0,765.654,229.233,202.729,181.133,336.803,13.254,3.876,340.962,569.148,460.3
2008-02-01,3957.374978371999,3028.268,229.447,55.115,10.98,1128.218,1361.108,30.745,212.655,729.532,221.559,181.726,185.158,296.217,13.56,3.796,329.071,615.976,451.673
2008-03-01,4248.096538852,3194.621,301.611,68.565,12.474,1186.61,1365.489,34.482,225.39,776.242,253.718,189.925,189.876,317.593,14.387,4.633,331.692,628.092,488.463
2008-04-01,4088.4564564420016,3130.265,545.619,83.169,24.795,1126.484,1081.828,46.085,222.285,661.328,303.749,167.161,185.292,343.719,16.149,4.865,302.373,590.128,555.501
2008-05-01,4128.7189459679985,3248.325,970.045,116.215,42.792,990.14,827.224,69.327,232.582,626.666,407.25,181.115,212.588,319.451,20.796,6.549,312.6,588.788,572.522
2008-06-01,4232.948246521,3456.095,1488.45,162.178,63.528,816.999,601.996,96.91,226.034,604.679,485.602,218.543,239.791,308.515,25.408,10.171,339.724,586.783,636.879
2008-07-01,4401.375705034036,3630.953,1265.442,145.56,61.174,906.779,926.686,88.657,236.655,748.82,430.126,204.648,241.057,324.728,22.838,8.159,339.23,612.606,698.741
2008-08-01,4470.120476579,3563.991,1312.94,153.446,64.667,991.208,715.034,90.677,236.019,711.468,455.01,199.485,237.788,301.599,24.35,8.333,316.37,706.47,603.118
2008-09-01,4257.384474233998,3354.827,979.739,128.134,48.542,1102.975,801.72,66.143,227.574,714.773,396.401,176.535,206.719,340.534,20.072,6.558,315.226,658.646,519.363
2008-10-01,4252.486360523001,3199.277,575.702,90.509,28.625,1186.122,1040.486,44.632,233.201,752.695,337.923,178.986,177.896,353.832,15.707,5.004,311.844,617.342,448.048
2008-11-01,4026.5288219269983,3045.562,321.209,69.831,22.792,1062.006,1319.596,29.859,220.269,716.432,272.911,189.663,182.252,345.215,13.3,4.13,309.435,606.124,406.1
2008-12-01,4079.132487873,3178.315,288.601,76.857,12.046,1020.14,1518.659,30.215,231.797,786.632,283.147,201.716,183.299,339.947,13.945,3.938,317.978,623.786,423.927
2009-01-01,4067.9133354,3130.421,247.171,79.707,10.829,1036.086,1510.674,32.818,213.136,786.157,264.223,186.209,194.333,342.033,12.517,3.595,310.493,613.649,417.212
2009-02-01,3719.3315126999996,2932.27,233.852,72.216,11.795,985.827,1400.183,32.836,195.561,708.493,255.243,160.549,184.678,342.835,11.782,3.468,311.082,563.656,390.484
2009-03-01,4196.197348100001,3264.43,293.588,67.811,14.929,1063.334,1571.297,35.631,217.84,811.84,304.862,151.889,172.08,394.807,14.353,4.248,325.768,620.203,464.38
2009-04-01,4064.7973844000003,3220.655,412.801,77.607,20.129,1074.945,1382.085,39.398,213.69,744.918,269.215,146.328,180.151,395.036,14.939,4.263,306.707,635.964,523.134
2009-05-01,4196.6074216,3441.835,846.431,121.045,39.858,1051.4,1096.418,62.154,224.529,756.441,343.707,176.32,202.483,347.309,18.868,6.353,333.899,678.413,578.042
2009-06-01,4167.7501066,3474.495,1379.089,155.808,63.64,941.904,620.595,94.266,219.193,673.043,431.652,200.333,230.834,336.794,27.262,9.981,360.218,625.662,578.716
2009-07-01,4284.2840331,3616.826,1570.257,172.236,65.418,871.072,612.023,106.86,218.96,674.29,454.725,222.858,250.211,343.045,29.415,10.728,343.119,647.447,640.988
2009-08-01,4017.1155306999995,3282.415,1093.382,147.466,58.391,906.356,766.659,82.19,227.971,679.506,367.011,179.886,189.608,318.559,24.058,10.068,337.597,583.138,592.984
2009-09-01,3994.4270371000002,3260.072,1016.43,129.552,48.797,1029.724,741.664,69.453,224.452,707.93,391.621,174.109,191.052,327.201,21.429,6.511,279.563,664.263,496.393
2009-10-01,4116.822337300001,2998.994,635.492,98.07,32.856,1056.426,898.842,49.22,228.088,697.091,339.921,155.137,169.116,347.008,17.168,6.534,277.467,555.421,434.131
2009-11-01,3729.9215706,2736.319,405.835,84.536,21.17,1064.889,908.681,34.151,217.057,582.384,267.84,151.091,172.395,339.816,15.058,5.578,301.668,523.898,376.591
2009-12-01,3864.0818208999985,2670.255,335.218,72.314,14.468,1058.052,927.184,30.627,232.392,637.527,273.015,143.677,169.202,325.507,14.583,4.939,284.318,520.555,296.932
2010-01-01,3884.0516469000004,2879.41,267.988,62.621,10.895,1062.4,1231.299,34.727,209.48,746.717,270.437,164.784,164.24,338.242,13.348,4.823,302.022,596.879,277.918
2010-02-01,3621.9457373,2756.058,259.977,61.928,11.836,1028.576,1162.315,36.341,195.085,687.516,270.94,147.793,160.04,338.563,14.094,4.204,265.103,572.381,295.424
2010-03-01,3943.1644223999997,2978.803,334.491,62.369,23.01,1097.121,1201.363,40.91,219.539,717.896,319.513,158.62,178.395,319.839,21.115,8.734,285.024,557.394,412.273
2010-04-01,3814.6619478,2944.276,575.382,88.912,26.989,1029.878,959.378,46.645,217.092,651.935,331.042,172.381,190.805,354.976,17.466,4.47,282.092,520.472,418.637
2010-05-01,4107.18554,3328.121,961.938,125.917,44.605,1085.608,812.229,71.17,226.654,624.67,366.795,219.469,222.547,412.322,23.183,6.156,306.196,646.157,500.626
2010-06-01,4002.7757842000005,3345.324,1375.567,152.004,62.805,886.958,547.969,99.221,220.8,579.014,438.603,254.038,235.421,336.461,26.545,10.59,296.215,605.232,563.205
2010-07-01,4160.354847199999,3522.913,1666.581,180.154,68.203,731.545,531.36,112.295,232.775,623.539,512.844,262.891,272.829,321.295,29.571,10.357,296.567,587.905,605.115
2010-08-01,4152.3150673,3512.623,1465.642,160.529,69.28,826.894,664.682,102.37,223.226,697.947,458.97,255.759,254.311,385.451,29.202,9.468,279.84,529.63,612.045
2010-09-01,3938.797734300001,3227.583,935.464,118.223,45.963,1025.177,803.737,70.921,228.098,664.232,367.151,214.605,198.457,391.266,22.285,7.755,270.369,552.315,539.148
2010-10-01,3963.1875826000005,3093.126,613.636,93.362,31.048,1103.832,969.335,49.334,232.579,648.857,351.402,201.644,181.253,435.364,19.357,5.874,239.869,569.93,439.576
2010-11-01,3712.0198022,3023.962,396.665,78.015,19.769,1091.94,1180.624,33.748,223.201,733.113,357.581,205.58,160.448,379.17,17.18,5.024,253.199,524.098,388.569
2010-12-01,3807.1236335999993,3195.377,329.018,63.975,14.132,1067.852,1455.097,29.667,235.636,790.979,336.337,225.549,168.377,394.333,15.959,5.259,311.807,559.065,387.712
2011-01-01,3816.9560116999996,3181.654,260.721,66.234,11.207,1091.555,1493.837,41.352,216.748,760.607,264.071,230.524,174.9,398.596,15.016,4.052,310.839,601.642,421.407
2011-02-01,3456.9997534000004,2932.602,270.931,61.217,10.506,1038.203,1306.84,42.092,202.813,698.6,245.101,182.029,171.956,350.327,16.279,5.871,287.685,544.52,430.234
2011-03-01,3768.1227552000005,3189.522,360.901,70.841,15.621,1155.888,1311.069,49.748,225.454,702.578,341.631,205.504,186.257,421.15,19.771,6.054,291.118,492.741,522.718
2011-04-01,3612.7237586,3108.269,523.91,81.829,24.648,1104.075,1097.147,53.649,223.011,629.756,367.523,179.391,188.616,427.388,19.503,5.272,253.645,495.837,541.338
2011-05-01,3874.4786738,3392.709,1053.511,122.537,46.145,1121.84,730.809,86.215,231.652,617.407,407.366,208.924,225.236,361.202,26.439,7.988,307.652,602.039,628.456
2011-06-01,3817.5209032,3525.18,1500.041,155.542,64.755,868.912,590.074,116.338,229.518,616.451,470.718,263.371,261.706,341.301,30.638,10.935,320.681,600.902,608.477
2011-07-01,3921.5124733999996,3665.128,1699.05,175.732,72.02,801.587,547.485,128.721,240.533,684.032,494.171,287.028,285.22,358.383,33.915,11.497,304.624,601.19,605.068
2011-08-01,3959.7704837999995,3787.543,1627.358,169.082,69.958,889.276,667.395,122.699,241.775,737.133,525.311,274.661,265.462,373.376,31.878,11.426,300.722,651.209,616.365
2011-09-01,3818.0387925,3479.682,919.234,121.748,48.508,1103.173,971.446,80.597,234.976,721.382,436.671,224.6,193.804,434.857,23.039,7.092,271.467,637.406,529.364
2011-10-01,3921.3205535,3489.087,663.403,94.454,31.458,1186.351,1210.296,62.337,240.788,741.649,407.438,221.698,184.692,406.622,20.78,6.212,288.793,669.4,541.803
2011-11-01,3742.3946463,3264.681,360.47,68.938,16.86,1068.633,1471.968,46.43,231.382,778.361,329.996,217.641,189.332,407.3,17.659,5.616,305.183,570.283,443.31
2011-12-01,3817.7148111000006,3319.365,312.559,66.847,13.888,1082.214,1553.058,48.361,242.438,780.535,359.547,234.073,191.808,407.193,18.563,7.351,317.853,575.728,426.714
2012-01-01,3814.0730472,3390.724,255.463,73.055,10.66,1046.301,1735.595,48.185,221.465,801.931,318.272,247.104,198.183,427.721,20.182,8.721,338.463,600.636,429.511
2012-02-01,3466.2463227000003,3156.413,279.65,70.614,14.106,989.315,1541.205,50.493,211.03,722.874,316.848,219.545,182.947,376.888,18.745,7.986,310.584,559.952,440.044
2012-03-01,3752.6056746,3266.085,383.994,76.53,17.404,1054.899,1449.731,48.251,235.276,724.864,367.555,215.313,178.743,431.515,19.019,6.788,314.152,527.145,480.991
2012-04-01,3673.3051546,3236.365,658.017,92.966,28.531,1020.875,1145.871,64.484,225.621,628.962,360.931,206.734,180.2,435.175,21.65,6.619,271.547,566.482,558.065
2012-05-01,3796.3779821,3635.42,1014.939,128.464,48.217,1027.104,1089.996,92.745,233.955,664.206,437.336,252.926,227.773,426.869,25.444,8.817,314.446,628.269,649.334
2012-06-01,3648.9464034000002,3656.928,1593.263,162.058,63.838,814.485,665.809,122.567,234.908,646.502,500.159,249.08,259.588,357.289,32.204,11.278,328.555,613.349,658.924
2012-07-01,3764.9509104,3929.257,1893.755,197.866,81.005,744.102,627.441,140.454,244.634,763.21,551.056,253.708,283.905,381.253,38.15,12.934,338.276,661.534,645.231
2012-08-01,3764.320747800001,3909.3,1492.791,165.283,70.206,864.704,956.523,118.369,241.424,777.115,558.035,253.409,270.549,452.165,33.658,10.648,328.548,643.639,581.534
2012-09-01,3637.9065500999995,3568.887,1021.294,122.899,43.871,965.746,1098.79,85.197,231.09,733.927,474.907,211.746,205.175,443.188,24.035,7.142,309.115,621.477,538.175
2012-10-01,3712.0631576,3376.547,693.609,99.485,32.488,1073.906,1171.64,68.045,237.374,664.88,396.463,224.491,187.92,458.947,21.719,6.694,299.106,652.589,463.738
2012-11-01,3515.9205089999996,3254.056,399.473,78.95,19.004,1031.537,1443.946,51.189,229.957,724.107,368.989,245.117,158.778,447.18,20.81,8.988,323.468,548.601,408.018
2012-12-01,3576.9776797,3172.315,345.573,74.793,14.856,1028.282,1423.812,46.752,238.247,749.786,351.618,217.463,159.654,419.974,17.656,6.702,328.832,550.488,370.142
2013-01-01,3553.7503825999997,3403.438,275.471,67.595,10.165,1061.954,1718.916,50.642,218.695,784.579,327.618,215.168,189.38,492.57,19.121,7.313,326.973,661.361,379.355
2013-02-01,3227.568136900001,3113.606,280.52,58.138,10.9,970.621,1538.652,53.169,201.606,685.585,295.52,218.49,174.044,413.464,19.577,8.619,310.574,601.607,386.126
2013-03-01,3459.7382878999997,3341.298,470.709,77.058,17.446,1115.484,1373.569,56.159,230.873,733.252,367.55,208.311,191.043,434.781,18.953,6.047,305.917,628.231,447.213
2013-04-01,3375.4293226999994,3372.132,550.48,85.461,23.468,1114.318,1315.524,63.077,219.804,638.839,357.697,203.098,193.104,483.993,20.626,6.775,301.02,649.851,517.129
2013-05-01,3547.8549007999995,3786.155,1163.97,131.865,47.119,1084.288,1017.533,108.502,232.878,670.109,426.042,240.484,234.849,411.225,32.679,14.006,340.02,710.385,706.356
2013-06-01,3451.2753040999996,3706.143,1513.07,166.831,61.573,882.745,726.437,126.914,228.573,602.646,469.679,259.018,256.669,354.785,34.646,13.11,329.143,675.97,710.477
2013-07-01,3548.431131299999,4037.899,1805.888,187.912,76.272,825.815,760.665,142.658,238.689,705.354,501.371,299.54,290.488,430.372,32.829,12.434,336.241,675.362,753.908
2013-08-01,3573.3942142999995,4034.705,1661.116,177.237,75.171,936.45,803.625,134.572,246.534,692.93,511.982,262.078,277.279,420.662,35.875,12.631,341.311,709.358,770.599
2013-09-01,3461.4569502,3690.17,1315.163,147.389,55.402,988.462,850.742,104.242,228.77,708.132,420.481,225.046,232.494,448.013,27.628,8.801,288.706,704.153,626.716
2013-10-01,3551.8188968999993,3573.383,694.88,100.457,35.206,1125.036,1307.561,68.686,241.557,725.365,342.925,234.756,201.01,543.921,20.583,6.813,288.539,689.905,519.566
2013-11-01,3440.6905823999996,3375.665,440.54,80.484,20.128,1153.778,1398.127,50.645,231.963,638.086,328.906,267.296,211.078,497.625,17.527,5.632,275.716,637.632,496.167
2013-12-01,3516.8806668999996,3480.177,319.236,63.207,13.054,1132.408,1660.322,52.817,239.133,617.592,337.926,283.326,220.357,527.653,20.092,8.744,329.553,623.745,511.189
2014-01-01,3540.1918753999994,3403.833,298.699,62.344,12.406,1079.28,1671.902,57.291,221.911,642.785,335.764,213.351,183.754,524.432,20.75,9.672,338.651,650.535,484.139
2014-02-01,3191.6594644000006,3134.498,310.882,66.18,13.082,1010.489,1472.796,56.104,204.965,556.318,306.272,195.514,177.083,479.638,19.117,8.22,325.482,620.942,445.912
2014-03-01,3477.9373797999992,3477.265,433.218,73.085,17.537,1178.265,1484.992,58.004,232.164,633.318,363.058,194.473,188.548,489.849,19.684,6.833,332.925,698.244,550.333
2014-04-01,3256.0370791,3478.581,707.599,97.434,28.354,1117.067,1222.473,77.211,228.443,605.854,343.417,206.141,209.323,470.985,21.494,6.9,314.949,660.166,639.352
2014-05-01,3543.9826722999996,3817.344,1168.812,136.437,51.041,1103.203,1012.815,104.879,240.157,682.823,428.207,255.703,235.634,414.499,28.745,8.969,316.298,706.775,739.691
2014-06-01,3434.5015341,3879.703,1633.967,170.908,65.692,915.93,726.212,132.056,234.938,652.079,471.786,268.683,270.646,349.068,35.058,11.35,358.798,671.05,791.185
2014-07-01,3574.3746239,4014.208,1741.661,182.775,76.296,882.477,746.789,142.225,241.985,655.051,520.164,271.797,286.659,414.065,36.518,11.819,341.55,680.686,795.899
2014-08-01,3558.8767690000004,3966.325,1375.829,160.252,64.991,973.295,1029.707,113.563,248.688,708.924,471.447,213.18,257.482,491.373,30.048,9.41,342.716,711.764,729.981
2014-09-01,3455.6314371000003,3630.923,951.267,126.468,47.215,1063.149,1112.234,86.27,244.32,607.039,434.363,179.775,210.108,505.763,24.318,7.117,336.511,649.885,676.044
2014-10-01,3482.3186286,3506.801,685.256,97.929,32.616,1075.483,1292.361,69.794,253.362,575.973,391.107,198.328,185.735,497.935,27.295,7.933,371.597,641.073,609.825
2014-11-01,3419.4357710999993,3162.58,439.472,82.347,19.441,1033.528,1287.914,54.015,245.863,543.238,334.634,178.951,174.271,484.273,18.069,6.019,331.186,585.996,505.943
2014-12-01,3549.0779382,3277.47,361.025,69.759,13.012,1045.483,1482.712,49.758,255.721,602.014,330.286,200.886,181.999,508.221,18.338,6.95,358.405,586.475,483.896
2015-01-01,3595.407080199999,3316.064,309.457,64.838,12.06,1083.605,1549.196,55.813,241.095,600.891,315.593,215.395,186.426,497.615,18.602,7.203,358.586,608.436,507.317
2015-02-01,3229.3737407000003,3036.618,300.684,59.748,10.396,949.384,1436.126,57.806,222.474,566.166,266.962,199.031,181.252,440.654,18.98,6.86,339.285,526.08,491.348
2015-03-01,3612.2110882000006,3484.729,369.376,71.814,13.963,1119.969,1603.016,60.549,246.042,637.512,330.031,223.315,192.471,478.862,22.111,8.796,400.003,608.353,583.275
2015-04-01,3515.6458600999995,3597.771,530.249,84.554,23.084,1137.331,1503.675,77.241,241.637,622.839,364.295,233.223,197.714,464.576,25.226,11.656,402.626,670.206,605.41
2015-05-01,3669.9015583,3939.284,965.635,120.971,41.897,1113.978,1349.595,99.693,247.515,620.197,406.263,278.806,225.497,461.267,28.054,11.62,389.752,792.151,725.677
2015-06-01,3540.0997093999995,3882.938,1483.394,164.061,63.182,908.062,890.816,126.81,246.613,602.04,455.831,257.631,263.93,421.876,31.816,10.016,367.45,692.264,780.084
2015-07-01,3637.0845770999995,4390.187,1725.64,182.939,71.16,962.642,1044.854,144.267,258.685,674.017,564.443,284.817,299.711,649.124,38.283,12.09,371.987,734.491,761.224
2015-08-01,3715.7326113,4049.601,1411.922,163.378,64.214,1001.233,1030.214,125.755,252.885,653.11,490.325,273.597,268.501,531.7,29.483,9.68,369.356,700.969,722.88
2015-09-01,3539.3153248999997,3789.9,1204.299,137.705,52.041,1036.244,1004.196,103.989,251.426,632.855,450.832,226.132,222.092,506.023,29.381,8.292,343.21,689.932,681.151
2015-10-01,3706.5884712,3671.803,1036.568,127.396,44.325,1181.94,925.975,92.574,263.025,624.723,402.229,221.257,237.652,460.191,25.124,7.282,342.716,721.859,628.77
2015-11-01,3556.9072647000003,3170.012,508.985,83.124,20.131,1099.744,1154.84,54.225,248.963,568.487,368.964,191.623,185.516,464.495,18.41,5.336,338.151,557.863,471.167
2015-12-01,3587.2653246000013,3241.65,382.792,73.478,14.178,1038.308,1423.681,48.699,260.514,586.745,330.46,194.119,169.745,526.788,17.281,5.787,360.299,565.73,484.696
2016-01-01,3711.4115440000005,3461.245,295.225,63.907,10.633,1058.429,1737.072,56.31,239.669,594.005,299.497,220.509,175.174,584.385,19.015,8.492,388.577,631.388,540.203
2016-02-01,3483.4962686000003,3282.019,288.724,61.755,10.748,1026.774,1607.197,56.935,229.886,488.172,272.428,218.113,169.44,526.915,18.868,9.043,356.653,674.824,547.563
2016-03-01,3782.0230197,3342.153,392.135,71.362,13.857,1077.307,1479.947,56.997,250.548,638.339,293.558,213.298,184.754,445.553,21.168,6.634,349.899,626.133,562.817
2016-04-01,3687.5998853000033,3556.989,818.209,109.696,30.37,1030.114,1253.668,81.235,233.697,626.594,288.42,233.595,208.291,495.504,24.28,7.914,340.008,637.969,694.414
2016-05-01,3852.5174742000004,4207.887,1511.654,140.587,60.006,1059.591,1070.636,124.914,240.499,605.168,471.169,261.775,268.01,488.736,36.224,10.802,393.867,800.994,871.142
2016-06-01,3721.520078799997,4204.548,1765.679,185.275,67.46,804.877,997.584,149.636,234.037,650.599,507.872,275.813,291.603,481.461,40.497,14.386,414.282,684.719,843.316
2016-07-01,3894.3957467000023,4322.743,1761.023,173.666,74.937,975.668,944.708,151.764,240.977,686.55,492.627,290.321,284.167,434.769,40.236,13.876,398.769,798.313,883.115
2016-08-01,3870.624751400001,4169.81,1373.559,158.417,63.676,975.148,1244.587,116.911,237.512,713.63,459.917,244.074,233.398,507.785,30.915,8.8,359.403,780.088,831.8
2016-09-01,3719.8242270999986,3843.678,1072.649,137.493,67.198,977.256,1249.985,109.213,229.884,677.743,456.797,233.972,212.746,501.661,28.3,7.971,322.855,682.497,719.136
2016-10-01,3863.0572179999963,3670.415,775.82,112.298,41.983,1043.888,1386.19,77.213,233.023,641.755,376.046,211.153,174.068,574.408,21.243,6.227,313.451,763.708,588.356
2016-11-01,3637.0183453000004,3219.169,451.676,85.518,23.455,1035.42,1337.408,61.276,224.416,546.634,346.797,185.14,145.452,529.392,17.408,5.062,319.986,612.605,510.693
2016-12-01,3764.3173019999986,3404.857,328.656,68.111,14.381,1019.76,1693.507,47.977,232.465,575.903,314.225,193.138,159.871,538.807,17.733,6.274,381.665,672.658,544.583
2017-01-01,3815.974107399997,3450.444,301.787,60.508,10.906,1002.12,1810.354,51.536,213.233,623.973,288.797,204.041,174.001,558.347,17.514,6.458,382.568,683.681,511.064
2017-02-01,3273.8682474,3008.355,270.033,53.029,12.763,933.321,1489.417,53.292,196.5,574.176,262.414,179.421,161.055,462.134,16.365,5.645,332.568,570.377,444.2
2017-03-01,3788.793731000005,3411.54,396.281,67.595,17.994,1120.878,1529.226,58.023,221.543,640.647,350.762,198.513,182.795,477.907,21.906,6.337,340.001,643.417,549.255
2017-04-01,3698.5918271999994,3547.867,635.518,90.812,29.435,1105.853,1401.912,73.8,210.537,611.765,319.154,207.772,205.351,459.39,19.74,5.867,313.171,744.817,660.84
2017-05-01,3785.3830863000057,4162.504,1064.383,127.93,46.915,1073.977,1527.051,106.83,215.418,741.295,452.375,255.705,232.962,580.45,25.075,8.757,367.165,764.503,734.217
2017-06-01,3668.7386191999963,4203.728,1474.892,165.392,66.866,990.719,1164.421,129.961,211.477,657.473,429.31,259.038,263.571,537.257,33.31,10.503,408.165,776.95,828.151
2017-07-01,3825.1698464999968,4503.298,1581.849,172.278,69.225,981.816,1333.324,147.453,217.353,699.898,465.389,278.263,276.686,595.112,33.659,11.326,445.041,820.581,877.343
2017-08-01,3838.4593435000006,4370.757,1313.901,155.354,70.811,998.344,1488.656,124.849,218.842,794.793,462.613,261.546,256.008,586.317,29.951,8.827,396.037,767.491,807.174
2017-09-01,3702.5211063000047,3915.021,1023.364,125.546,50.556,1030.883,1371.706,102.362,210.604,686.616,408.812,239.753,219.413,558.408,23.626,9.014,338.337,729.025,702.017
2017-10-01,3869.446687699999,3541.891,703.733,100.793,36.766,1129.982,1273.331,82.966,214.32,627.975,410.292,208.109,186.18,576.793,21.312,5.923,288.001,685.659,531.647
2017-11-01,3575.788363600001,3160.029,487.643,81.363,20.991,1087.381,1213.448,61.496,207.707,576.102,361.489,188.553,159.029,534.91,17.827,4.885,321.333,582.768,413.133
2017-12-01,3813.923597700004,3436.316,352.614,70.414,12.34,1060.581,1675.096,51.351,213.92,642.705,333.116,215.252,168.507,524.638,16.015,4.822,380.382,656.851,494.028
2018-01-01,3845.351160300001,3408.361,305.332,59.524,10.821,1058.688,1718.017,55.902,200.077,712.53,287.668,190.975,172.135,528.244,16.188,4.629,411.027,608.985,475.978
2018-02-01,3495.4661134999997,3193.707,283.79,53.192,9.573,1043.885,1567.427,53.536,182.304,613.142,272.351,183.786,167.369,489.555,15.487,4.211,384.595,609.499,453.712
2018-03-01,3901.8812616,3585.955,403.664,70.98,15.729,1227.813,1602.682,59.035,206.053,657.102,327.479,206.292,176.851,523.524,18.734,4.628,387.069,682.832,601.444
2018-04-01,3877.4332394999997,3639.028,497.89,77.69,22.199,1207.278,1572.198,67.036,194.737,639.447,302.989,187.504,176.353,529.386,17.879,4.493,390.105,696.202,694.669
2018-05-01,3945.4433749000004,4109.629,955.995,114.617,43.402,1138.599,1552.163,104.459,200.394,672.623,412.944,224.268,214.743,672.183,24.695,6.611,368.181,724.997,788.384
2018-06-01,3966.8592974999992,4435.246,1600.534,168.919,62.869,1036.847,1229.598,142.204,194.275,719.217,480.341,290.494,274.433,556.565,34.323,10.57,416.863,751.315,901.126
2018-07-01,4096.3513256,4676.792,1746.056,182.303,77.048,985.835,1331.1,151.545,202.905,819.123,545.175,308.011,293.678,606.932,38.906,12.007,440.615,745.52,866.825
2018-08-01,4147.9534748999995,4573.121,1483.222,159.77,72.901,1038.361,1477.972,134.438,206.458,792.585,541.373,284.902,262.785,662.562,34.574,10.452,405.674,747.398,830.815
2018-09-01,3953.9770483000016,3733.557,834.746,111.472,44.869,1076.303,1382.223,87.994,195.95,608.197,349.342,186.041,184.024,570.336,20.736,5.593,337.802,701.358,770.129
2018-10-01,4103.2846617999985,3539.81,658.256,102.795,35.381,1168.919,1277.84,89.196,207.423,672.524,359.861,176.046,188.416,485.987,19.207,4.967,246.818,696.611,689.372
2018-11-01,3696.8541750999993,3091.799,452.978,78.749,23.014,1083.849,1201.779,52.216,199.214,596.65,325.396,147.87,180.954,423.375,17.115,4.529,249.207,579.306,567.396
2018-12-01,3990.3267274,3097.683,345.912,76.805,13.78,1126.853,1276.402,47.176,210.755,610.581,330.068,153.587,173.806,412.925,16.193,4.179,275.993,603.081,517.271
2019-01-01,4000.160172199998,3243.938,306.361,82.932,11.18,1106.312,1479.878,63.461,193.813,634.216,310.145,165.041,179.75,462.579,17.206,4.772,290.075,649.416,530.739
2019-02-01,3770.5419065999986,3131.658,278.388,80.342,10.635,1093.022,1425.758,59.56,183.953,592.42,314.097,155.788,166.262,429.305,16.859,4.825,263.883,638.441,549.778
2019-03-01,4014.083362699992,3155.832,405.201,99.218,15.609,1145.637,1231.479,52.438,206.249,610.24,289.304,160.238,185.045,423.973,18.545,4.8,232.607,613.119,617.961
2019-04-01,3948.813895099998,3111.991,499.207,95.504,21.843,1131.005,1098.796,66.781,198.856,560.418,253.853,156.91,177.272,450.276,18.238,4.913,192.897,612.058,685.155
2019-05-01,4245.744988399994,3761.735,957.851,130.692,45.922,1096.542,1229.611,92.62,208.497,665.785,331.786,202.08,214.195,529.696,23.783,6.66,287.469,681.605,818.676
2019-06-01,4199.8291937999975,4087.507,1276.524,152.187,58.361,1000.384,1279.441,117.893,202.717,691.514,373.239,244.482,255.841,563.831,25.82,8.173,344.425,720.326,859.857
2019-07-01,4476.923858099997,4679.384,1575.674,184.355,75.379,959.95,1536.585,132.157,215.284,842.384,555.366,298.997,294.755,610.594,32.449,10.425,377.83,744.286,912.298
2019-08-01,4477.049750000008,4329.759,1405.368,170.036,73.809,974.87,1367.689,121.87,216.117,833.546,517.394,242.118,246.47,519.695,32.373,9.676,304.993,689.844,933.649
2019-09-01,4137.976603700001,3766.276,1035.295,137.902,56.624,1079.027,1152.457,97.503,207.468,775.964,411.948,202.666,210.619,424.627,26.99,6.925,236.744,728.325,741.469
2019-10-01,4336.8476105,3543.063,731.601,110.451,38.258,1223.256,1146.569,76.865,216.062,700.468,393.914,163.461,197.283,394.224,21.919,6.239,227.893,758.827,678.836
2019-11-01,3809.476974199998,3084.266,389.828,105.857,20.099,1228.982,1078.249,50.594,210.657,517.187,322.812,134.018,164.991,398.062,15.594,4.318,238.698,697.916,590.671
2019-12-01,3932.7872712,3276.59,336.319,110.774,13.37,1247.948,1299.3,48.817,220.062,681.68,282.75,164.244,183.95,395.087,15.464,4.485,238.653,755.024,555.254
2020-01-01,4037.1344396,3364.613,294.386,73.152,10.951,1282.02,1444.09,52.661,207.354,667.748,266.539,165.754,194.123,412.917,17.532,3.995,276.295,793.343,566.367
2020-02-01,3703.7013452,3182.388,291.102,73.06,10.906,1280.732,1274.346,53.215,199.027,595.211,255.125,156.001,169.806,476.392,17.814,3.896,256.63,764.249,487.263
2020-03-01,3925.1904484999995,3306.96,333.327,73.895,12.569,1266.063,1425.067,52.409,143.63,658.595,276.364,168.924,177.09,467.764,16.3,3.708,239.076,762.453,536.684
2020-04-01,3502.1407169999998,2779.888,568.299,74.781,13.712,945.48,1039.047,57.468,81.102,494.87,262.532,104.939,117.103,437.341,16.201,3.934,203.466,626.883,512.619
2020-05-01,3858.537090399999,3461.781,1031.188,85.921,29.335,934.432,1188.19,77.337,115.378,645.645,324.123,163.878,157.911,539.55,20.602,6.489,259.925,674.09,669.568
2020-06-01,3780.5864761000007,3946.154,1436.038,113.349,42.436,892.971,1212.795,111.239,137.325,688.528,485.247,232.204,220.338,569.44,25.872,9.62,283.849,690.295,740.761
2020-07-01,3931.5962413999996,4072.135,1766.217,143.927,54.519,990.765,831.77,135.53,149.408,655.905,468.815,248.016,276.309,505.17,30.25,11.229,276.668,796.74,803.034
2020-08-01,3895.7713273000004,3909.338,1403.417,120.504,47.426,982.609,1097.968,106.658,150.757,741.646,464.759,230.203,277.14,437.576,28.043,8.174,257.492,728.101,736.204
2020-09-01,3685.5500122000008,3443.329,1053.42,103.633,38.944,959.4,1055.023,83.028,149.881,673.127,421.26,183.627,203.99,408.237,23.96,6.656,238.496,671.556,612.419
2020-10-01,3778.2511924,3291.893,727.799,84.721,26.801,1022.353,1209.121,56.774,164.325,649.496,366.626,152.982,175.476,411.488,20.306,4.91,258.259,620.104,632.245
2020-11-01,3471.7656987000005,3014.977,395.156,68.364,15.206,1036.992,1294.753,32.591,171.915,640.896,284.753,149.56,160.243,449.777,16.954,4.429,262.68,541.153,504.533
2020-12-01,3530.0043068000004,3099.531,346.843,65.181,11.711,1078.944,1366.395,32.759,197.697,638.119,299.462,153.81,158.309,422.515,15.706,4.087,310.097,560.298,537.128
2021-01-01,3596.0849376000006,3149.807,324.138,65.74,10.588,974.013,1555.14,33.238,186.95,624.528,297.19,184.269,168.241,499.336,15.249,3.429,385.364,446.274,525.927
2021-02-01,3207.3499149,2780.446,306.203,63.951,9.7,882.519,1305.923,32.846,179.303,590.713,264.084,153.896,160.558,423.456,15.603,3.576,300.782,413.017,454.76
2021-03-01,3549.467346800001,3234.499,386.414,74.696,13.612,1102.119,1415.529,39.754,202.376,608.638,339.875,200.302,180.458,486.617,19.163,4.314,320.297,515.199,559.637
2021-04-01,3426.5606659999994,3187.04,502.81,80.657,19.138,1110.555,1244.012,46.992,182.877,591.917,319.379,164.969,160.864,436.624,20.368,4.465,338.594,511.834,638.027
2021-05-01,3759.1977619000004,3703.564,1119.011,119.632,47.674,977.315,1180.487,89.325,170.119,648.944,411.319,208.073,197.534,485.424,24.718,7.695,398.297,567.098,754.462
2021-06-01,3809.8126655,4227.009,1485.158,147.914,64.894,964.816,1264.61,122.592,177.026,652.898,513.8,267.474,262.111,548.448,29.515,10.283,428.101,654.612,859.768
2021-07-01,4051.6597726,4598.469,1657.469,142.721,65.809,956.022,1444.081,130.806,201.561,758.509,547.662,300.989,276.844,609.204,34.414,10.709,433.588,745.897,880.653
2021-08-01,4144.095261,4523.251,1425.833,131.399,65.313,964.17,1618.562,112.781,205.192,834.689,533.976,287.289,250.766,636.572,32.524,8.398,420.329,697.142,821.568
2021-09-01,3977.791933799999,3583.565,981.066,101.279,47.754,965.511,1208.866,75.136,203.954,651.617,439.176,195.083,242.711,488.683,26.419,5.903,275.353,627.116,631.505
