anio,unidad,regalias,mecon,ypf,idee,anuario,precio_gas_mdoint,variable
1963.0,ars/Miles de m3,,,4.9116226437819584e-17,,,,Precio del mercado interno del gas natural según distintas fuentes
1964.0,ars/Miles de m3,,,7.688561393775273e-17,,,,Precio del mercado interno del gas natural según distintas fuentes
1965.0,ars/Miles de m3,,,9.128373177524667e-17,,,,Precio del mercado interno del gas natural según distintas fuentes
1966.0,ars/Miles de m3,,,1.0772580773808938e-16,,,,Precio del mercado interno del gas natural según distintas fuentes
1967.0,ars/Miles de m3,,,1.2676342433378642e-16,,,,Precio del mercado interno del gas natural según distintas fuentes
1968.0,ars/Miles de m3,,,1.3741051269744723e-16,,,,Precio del mercado interno del gas natural según distintas fuentes
1969.0,ars/Miles de m3,,,1.5234498913141453e-16,,,,Precio del mercado interno del gas natural según distintas fuentes
1970.0,ars/Miles de m3,,,1.3028595506180253e-16,1.45e-10,,1.45e-10,Precio del mercado interno del gas natural según distintas fuentes
1971.0,ars/Miles de m3,,,1.40590297488976e-16,1.8861208941277938e-10,,1.8861208941277938e-10,Precio del mercado interno del gas natural según distintas fuentes
1972.0,ars/Miles de m3,,,1.8226016813493747e-16,2.0707077605958978e-10,,2.0707077605958978e-10,Precio del mercado interno del gas natural según distintas fuentes
1973.0,ars/Miles de m3,,,2.0923314278088924e-16,2.498115379019096e-10,,2.498115379019096e-10,Precio del mercado interno del gas natural según distintas fuentes
1974.0,ars/Miles de m3,,,2.464281175626514e-16,2.677991192655404e-10,,2.677991192655404e-10,Precio del mercado interno del gas natural según distintas fuentes
1975.0,ars/Miles de m3,,,2.788492137056157e-16,3.365852957314881e-10,,3.365852957314881e-10,Precio del mercado interno del gas natural según distintas fuentes
1976.0,ars/Miles de m3,,,2.9110740900237095e-15,3.400548565738658e-09,,3.400548565738658e-09,Precio del mercado interno del gas natural según distintas fuentes
1977.0,ars/Miles de m3,,,3.6049368766344084e-14,4.025404242040695e-08,,4.025404242040695e-08,Precio del mercado interno del gas natural según distintas fuentes
1978.0,ars/Miles de m3,,,1.7951506272697447e-13,1.850048401828085e-07,,1.850048401828085e-07,Precio del mercado interno del gas natural según distintas fuentes
1979.0,ars/Miles de m3,,,3.736581284189603e-13,3.8202142442670736e-07,,3.8202142442670736e-07,Precio del mercado interno del gas natural según distintas fuentes
1980.0,ars/Miles de m3,,,6.517503477282539e-13,6.840473703309591e-07,,6.840473703309591e-07,Precio del mercado interno del gas natural según distintas fuentes
1981.0,ars/Miles de m3,,,1.5058766888564843e-12,1.5947539150084233e-06,,1.5947539150084233e-06,Precio del mercado interno del gas natural según distintas fuentes
1982.0,ars/Miles de m3,,,3.6880286919875385e-12,3.591287320333852e-06,,3.591287320333852e-06,Precio del mercado interno del gas natural según distintas fuentes
1983.0,ars/Miles de m3,,,2.8899533973537168e-11,2.471653198535148e-05,,2.471653198535148e-05,Precio del mercado interno del gas natural según distintas fuentes
1984.0,ars/Miles de m3,,,1.972521182745978e-10,0.0001782659832092463,,0.0001782659832092463,Precio del mercado interno del gas natural según distintas fuentes
1985.0,ars/Miles de m3,,,1.647156180449814e-09,0.0015477317984758942,,0.0015477317984758942,Precio del mercado interno del gas natural según distintas fuentes
1986.0,ars/Miles de m3,,,2.4711504121732724e-09,0.002510403658273627,,0.002510403658273627,Precio del mercado interno del gas natural según distintas fuentes
1987.0,ars/Miles de m3,,,4.514306121237229e-09,0.004685890279840051,,0.004685890279840051,Precio del mercado interno del gas natural según distintas fuentes
1988.0,ars/Miles de m3,,,,0.03137269407625436,8.874444444444445e-08,0.03137269407625436,Precio del mercado interno del gas natural según distintas fuentes
1989.0,ars/Miles de m3,,,1.1171352147986747e-06,,4.114714285714286e-06,,Precio del mercado interno del gas natural según distintas fuentes
1990.0,ars/Miles de m3,,,1.4028814775815954e-05,,3.560166666666666e-05,,Precio del mercado interno del gas natural según distintas fuentes
1991.0,ars/Miles de m3,,,3.419242076339615e-05,,,,Precio del mercado interno del gas natural según distintas fuentes
1992.0,ars/Miles de m3,,,0.000358,,,,Precio del mercado interno del gas natural según distintas fuentes
1993.0,ars/Miles de m3,35.501695679661246,,,,,35.501695679661246,Precio del mercado interno del gas natural según distintas fuentes
1994.0,ars/Miles de m3,39.17414982752911,,,,,39.17414982752911,Precio del mercado interno del gas natural según distintas fuentes
1995.0,ars/Miles de m3,41.598260182991076,,,,,41.598260182991076,Precio del mercado interno del gas natural según distintas fuentes
1996.0,ars/Miles de m3,43.11493142603264,,,,,43.11493142603264,Precio del mercado interno del gas natural según distintas fuentes
1997.0,ars/Miles de m3,43.02610426144887,,,,,43.02610426144887,Precio del mercado interno del gas natural según distintas fuentes
1998.0,ars/Miles de m3,43.03172753418975,,,,,43.03172753418975,Precio del mercado interno del gas natural según distintas fuentes
1999.0,ars/Miles de m3,42.46083333333333,42.46054281833333,,,,42.46083333333333,Precio del mercado interno del gas natural según distintas fuentes
2000.0,ars/Miles de m3,44.79416666666666,44.79240313583333,,,,44.79416666666666,Precio del mercado interno del gas natural según distintas fuentes
2001.0,ars/Miles de m3,47.324999999999996,47.323607214166664,,,,47.324999999999996,Precio del mercado interno del gas natural según distintas fuentes
2002.0,ars/Miles de m3,54.64166666666667,54.64213435416667,,,,54.64166666666667,Precio del mercado interno del gas natural según distintas fuentes
2003.0,ars/Miles de m3,56.085,56.084478135000005,,,,56.085,Precio del mercado interno del gas natural según distintas fuentes
2004.0,ars/Miles de m3,79.90083333333332,79.90003783333334,,,,79.90083333333332,Precio del mercado interno del gas natural según distintas fuentes
2005.0,ars/Miles de m3,107.89083333333333,107.89071501083333,,,,107.89083333333333,Precio del mercado interno del gas natural según distintas fuentes
2006.0,ars/Miles de m3,140.03416666666666,140.033477925,,,,140.03416666666666,Precio del mercado interno del gas natural según distintas fuentes
2007.0,ars/Miles de m3,165.08333333333334,165.08274765833332,,,,165.08333333333334,Precio del mercado interno del gas natural según distintas fuentes
2008.0,ars/Miles de m3,195.9525,195.95291784166668,,,,195.9525,Precio del mercado interno del gas natural según distintas fuentes
2009.0,ars/Miles de m3,238.25166666666667,238.25261199166667,,,,238.25166666666667,Precio del mercado interno del gas natural según distintas fuentes
2010.0,ars/Miles de m3,279.5783333333333,279.57940494999997,,,,279.5783333333333,Precio del mercado interno del gas natural según distintas fuentes
2011.0,ars/Miles de m3,306.77916666666664,306.7789071,,,,306.77916666666664,Precio del mercado interno del gas natural según distintas fuentes
2012.0,ars/Miles de m3,304.10833333333335,304.107924575,,,,304.10833333333335,Precio del mercado interno del gas natural según distintas fuentes
2013.0,ars/Miles de m3,362.62000000000006,362.62121455000005,,,,362.62000000000006,Precio del mercado interno del gas natural según distintas fuentes
2014.0,ars/Miles de m3,655.9625,655.9621463583334,,,,655.9625,Precio del mercado interno del gas natural según distintas fuentes
2015.0,ars/Miles de m3,715.7258333333334,715.7256124333334,,,,715.7258333333334,Precio del mercado interno del gas natural según distintas fuentes
2016.0,ars/Miles de m3,1758.8266666666666,1758.8266210833333,,,,1758.8266666666666,Precio del mercado interno del gas natural según distintas fuentes
2017.0,ars/Miles de m3,2307.0041666666666,2307.0035518333334,,,,2307.0041666666666,Precio del mercado interno del gas natural según distintas fuentes
2018.0,ars/Miles de m3,4496.328333333334,4496.3272795,,,,4496.328333333334,Precio del mercado interno del gas natural según distintas fuentes
2019.0,ars/Miles de m3,5782.696666666667,5822.556404999999,,,,5782.696666666667,Precio del mercado interno del gas natural según distintas fuentes
2020.0,ars/Miles de m3,5931.235833333333,5937.121316821883,,,,5931.235833333333,Precio del mercado interno del gas natural según distintas fuentes
2021.0,ars/Miles de m3,7477.29,10452.67886964081,,,,7477.29,Precio del mercado interno del gas natural según distintas fuentes
2022.0,ars/Miles de m3,,16024.038502069583,,,,16024.038502069583,Precio del mercado interno del gas natural según distintas fuentes
2023.0,ars/Miles de m3,,37427.892185499084,,,,37427.892185499084,Precio del mercado interno del gas natural según distintas fuentes
2024.0,ars/Miles de m3,,106872.962758217,,,,106872.962758217,Precio del mercado interno del gas natural según distintas fuentes
2025.0,ars/Miles de m3,,145831.46337487083,,,,145831.46337487083,Precio del mercado interno del gas natural según distintas fuentes
