anio,unidad,variable,precio_crudo_mdoint,regalias,mecon,ypf,idee
1963.0,USD/barriles,Precio del mercado interno del petróleo crudo según distintas fuentes,2.466666938176836,,,2.027845516871434,
1964.0,USD/barriles,Precio del mercado interno del petróleo crudo según distintas fuentes,1.723294996349331,,,1.4167198572730204,
1965.0,USD/barriles,Precio del mercado interno del petróleo crudo según distintas fuentes,2.4667463058776495,,,2.0279107650140955,
1966.0,USD/barriles,Precio del mercado interno del petróleo crudo según distintas fuentes,3.48023784540049,,,2.3258997506204793,3.48023784540049
1967.0,USD/barriles,Precio del mercado interno del petróleo crudo según distintas fuentes,2.375274253553372,,,2.003439102445216,2.375274253553372
1968.0,USD/barriles,Precio del mercado interno del petróleo crudo según distintas fuentes,2.820439441635664,,,2.5065185085597856,2.820439441635664
1969.0,USD/barriles,Precio del mercado interno del petróleo crudo según distintas fuentes,2.820439441635664,,,2.5314851655086312,2.820439441635664
1970.0,USD/barriles,Precio del mercado interno del petróleo crudo según distintas fuentes,2.604216350281408,,,2.064859770342496,2.604216350281408
1971.0,USD/barriles,Precio del mercado interno del petróleo crudo según distintas fuentes,2.1495119081687815,,,1.15446467009345,2.1495119081687815
1972.0,USD/barriles,Precio del mercado interno del petróleo crudo según distintas fuentes,1.6614200769499825,,,1.3658525204758243,1.6614200769499825
1973.0,USD/barriles,Precio del mercado interno del petróleo crudo según distintas fuentes,3.373716175395084,,,2.811042075509095,3.373716175395084
1974.0,USD/barriles,Precio del mercado interno del petróleo crudo según distintas fuentes,7.361124360075042,,,3.2428111043149745,7.361124360075042
1975.0,USD/barriles,Precio del mercado interno del petróleo crudo según distintas fuentes,4.591560939934498,,,1.2743050662670838,4.591560939934498
1976.0,USD/barriles,Precio del mercado interno del petróleo crudo según distintas fuentes,4.771216890839137,,,5.752230570742669,4.771216890839137
1977.0,USD/barriles,Precio del mercado interno del petróleo crudo según distintas fuentes,4.779166269197749,,,4.240771085280397,4.779166269197749
1978.0,USD/barriles,Precio del mercado interno del petróleo crudo según distintas fuentes,8.025692390855035,,,7.228572509847568,8.025692390855035
1979.0,USD/barriles,Precio del mercado interno del petróleo crudo según distintas fuentes,9.663264332729181,,,7.819524381299207,9.663264332729181
1980.0,USD/barriles,Precio del mercado interno del petróleo crudo según distintas fuentes,12.71900537377977,,,11.33639552548467,12.71900537377977
1981.0,USD/barriles,Precio del mercado interno del petróleo crudo según distintas fuentes,9.280104295844065,,,5.160127032539887,9.280104295844065
1982.0,USD/barriles,Precio del mercado interno del petróleo crudo según distintas fuentes,5.8666412286559195,,,2.18989974358953,5.8666412286559195
1983.0,USD/barriles,Precio del mercado interno del petróleo crudo según distintas fuentes,10.197462558427931,,,4.514577635527538,10.197462558427931
1984.0,USD/barriles,Precio del mercado interno del petróleo crudo según distintas fuentes,10.342141244554677,,,0.0035798328228047443,10.342141244554677
1985.0,USD/barriles,Precio del mercado interno del petróleo crudo según distintas fuentes,11.195904480269643,,,8.750742550532523,11.195904480269643
1986.0,USD/barriles,Precio del mercado interno del petróleo crudo según distintas fuentes,12.488473401380013,,,6.76893298248319,12.488473401380013
1987.0,USD/barriles,Precio del mercado interno del petróleo crudo según distintas fuentes,10.316703233807116,,,4.2469196462348595,10.316703233807116
1988.0,USD/barriles,Precio del mercado interno del petróleo crudo según distintas fuentes,13.21345670768546,,,,13.21345670768546
1989.0,USD/barriles,Precio del mercado interno del petróleo crudo según distintas fuentes,2.339250747575955,,,2.339250747575955,
1990.0,USD/barriles,Precio del mercado interno del petróleo crudo según distintas fuentes,15.004229452157873,,,15.004229452157873,
1991.0,USD/barriles,Precio del mercado interno del petróleo crudo según distintas fuentes,16.480434698956476,,,16.480434698956476,
1993.0,USD/barriles,Precio del mercado interno del petróleo crudo según distintas fuentes,15.32512612417459,,15.32512612417459,,
1994.0,USD/barriles,Precio del mercado interno del petróleo crudo según distintas fuentes,14.297503511107932,,14.297503511107932,,
1995.0,USD/barriles,Precio del mercado interno del petróleo crudo según distintas fuentes,15.846356332342312,,15.846356332342312,,
1996.0,USD/barriles,Precio del mercado interno del petróleo crudo según distintas fuentes,19.890519012263244,,19.890519012263244,,
1997.0,USD/barriles,Precio del mercado interno del petróleo crudo según distintas fuentes,18.5480299002618,,18.5480299002618,,
1998.0,USD/barriles,Precio del mercado interno del petróleo crudo según distintas fuentes,12.160952771153296,,12.160952771153296,,
1999.0,USD/barriles,Precio del mercado interno del petróleo crudo según distintas fuentes,17.00178969667822,,17.00178969667822,,
2000.0,USD/barriles,Precio del mercado interno del petróleo crudo según distintas fuentes,28.146854075911264,,28.146854075911264,,
2001.0,USD/barriles,Precio del mercado interno del petróleo crudo según distintas fuentes,22.719092633178587,,22.719092633178587,,
2002.0,USD/barriles,Precio del mercado interno del petróleo crudo según distintas fuentes,19.682486484599405,,19.682486484599405,,
2003.0,USD/barriles,Precio del mercado interno del petróleo crudo según distintas fuentes,24.237501381866938,,24.237501381866938,,
2004.0,USD/barriles,Precio del mercado interno del petróleo crudo según distintas fuentes,28.35350209068651,,28.35350209068651,,
2005.0,USD/barriles,Precio del mercado interno del petróleo crudo según distintas fuentes,34.634829819708095,,34.634829819708095,,
2006.0,USD/barriles,Precio del mercado interno del petróleo crudo según distintas fuentes,39.976812063446644,39.97689380690431,39.976812063446644,,
2007.0,USD/barriles,Precio del mercado interno del petróleo crudo según distintas fuentes,40.70764055560855,40.70757416770008,40.70764055560855,,
2008.0,USD/barriles,Precio del mercado interno del petróleo crudo según distintas fuentes,44.0758716586113,44.07599075752277,44.0758716586113,,
2009.0,USD/barriles,Precio del mercado interno del petróleo crudo según distintas fuentes,42.75057204654097,42.75069689550278,42.75057204654097,,
2010.0,USD/barriles,Precio del mercado interno del petróleo crudo según distintas fuentes,50.0750584769521,50.07498913584958,50.0750584769521,,
2011.0,USD/barriles,Precio del mercado interno del petróleo crudo según distintas fuentes,59.70086404045704,59.70102387993259,59.70086404045704,,
2012.0,USD/barriles,Precio del mercado interno del petróleo crudo según distintas fuentes,70.09650602032922,70.09642595948996,70.09650602032922,,
2013.0,USD/barriles,Precio del mercado interno del petróleo crudo según distintas fuentes,70.50673289558756,70.50674637243368,70.50673289558756,,
2014.0,USD/barriles,Precio del mercado interno del petróleo crudo según distintas fuentes,72.9746844030547,72.97463088386489,72.9746844030547,,
2015.0,USD/barriles,Precio del mercado interno del petróleo crudo según distintas fuentes,67.99899768540601,67.9989824795701,67.99899768540601,,
2016.0,USD/barriles,Precio del mercado interno del petróleo crudo según distintas fuentes,58.10644420993779,58.10624609155565,58.10644420993779,,
2017.0,USD/barriles,Precio del mercado interno del petróleo crudo según distintas fuentes,53.103430588677966,53.10330482156296,53.103430588677966,,
2018.0,USD/barriles,Precio del mercado interno del petróleo crudo según distintas fuentes,63.543576328606115,63.54335590956788,63.543576328606115,,
2019.0,USD/barriles,Precio del mercado interno del petróleo crudo según distintas fuentes,54.628943544960244,54.631440321366874,54.628943544960244,,
2020.0,USD/barriles,Precio del mercado interno del petróleo crudo según distintas fuentes,41.31467005901155,41.30563239954636,41.31467005901155,,
2021.0,USD/barriles,Precio del mercado interno del petróleo crudo según distintas fuentes,56.084874596460544,50.1764761995612,56.084874596460544,,
2022.0,USD/barriles,Precio del mercado interno del petróleo crudo según distintas fuentes,66.14804903940454,,66.14804903940454,,
2023.0,USD/barriles,Precio del mercado interno del petróleo crudo según distintas fuentes,64.1528736133494,,64.1528736133494,,
2024.0,USD/barriles,Precio del mercado interno del petróleo crudo según distintas fuentes,70.63757168856138,,70.63757168856138,,
2025.0,USD/barriles,Precio del mercado interno del petróleo crudo según distintas fuentes,63.06461383766098,,63.06461383766098,,
