anio,unidad,autor,tipo_de_renta,valor,tcc,tcp,ipc_us_20
1992.0,Millones de USD,Barrera,renta_total,2407.8250270218036,0.99,1.894025275738358,0.5420329018510631
1993.0,Millones de USD,Barrera,renta_total,2264.156062187678,0.99,1.972021623383232,0.5581293828705756
1994.0,Millones de USD,Barrera,renta_total,2186.6651012396733,1.0,1.812286513626661,0.5726162157881368
1995.0,Millones de USD,Barrera,renta_total,2773.2625405477766,0.99,1.850027967708323,0.5886805038456102
1996.0,Millones de USD,Barrera,renta_total,4290.340756447779,1.0,1.700047480198135,0.6059681244605666
1997.0,Millones de USD,Barrera,renta_total,4173.060526383061,1.0,1.685374159314438,0.6201330277577377
1998.0,Millones de USD,Barrera,renta_total,2300.9094766979847,1.0,1.834025658588197,0.6297265304453671
1999.0,Millones de USD,Barrera,renta_total,3206.296374311784,1.0,1.945408423379476,0.6435373111601088
2000.0,Millones de USD,Barrera,renta_total,5356.9428818619945,1.0,1.969548988287749,0.6652031746123727
2001.0,Millones de USD,Barrera,renta_total,3954.997916542079,1.0,2.07506215718321,0.6839394785190851
2002.0,Millones de USD,Barrera,renta_total,8756.944395018189,3.14,3.101870690383393,0.6948528926503146
2003.0,Millones de USD,Barrera,renta_total,7966.306541175306,2.93,3.575691739551415,0.710820601821671
2004.0,Millones de USD,Barrera,renta_total,10495.676464973507,2.93,3.476419712823161,0.7297822564626566
2005.0,Millones de USD,Barrera,renta_total,11834.036580871789,2.928416666666667,3.913969455049009,0.7543454864984326
2006.0,Millones de USD,Barrera,renta_total,12898.50908472368,3.07775,4.120995359841515,0.7786511728378964
2007.0,Millones de USD,Barrera,renta_total,12147.500207025894,3.119166666666667,4.572715840632663,0.8010027463815915
2008.0,Millones de USD,Barrera,renta_total,13634.554067058241,3.183166666666667,5.592039744778452,0.8315606278786544
2009.0,Millones de USD,Barrera,renta_total,7111.814809038617,3.75,6.96022588383259,0.828896660269925
2010.0,Millones de USD,Barrera,renta_total,8439.619941818955,3.89,7.66405578636219,0.8424621306139295
1999.0,Millones de USD,Campodonico,renta_estado_total,785.9783344517565,1.0,1.945408423379476,0.6435373111601088
1999.0,Millones de USD,Campodonico,renta_consumidores,0.0,1.0,1.945408423379476,0.6435373111601088
1999.0,Millones de USD,Campodonico,renta_empresas,1234.8805945756255,1.0,1.945408423379476,0.6435373111601088
1999.0,Millones de USD,Campodonico,renta_total,2020.8589290273821,1.0,1.945408423379476,0.6435373111601088
1999.0,Millones de USD,Campodonico,regalias,401.7755103955625,1.0,1.945408423379476,0.6435373111601088
1999.0,Millones de USD,Campodonico,impuesto_ganancias,384.202824056194,1.0,1.945408423379476,0.6435373111601088
1999.0,Millones de USD,Campodonico,retenciones,,1.0,1.945408423379476,0.6435373111601088
2000.0,Millones de USD,Campodonico,renta_estado_total,1452.5051727150599,1.0,1.969548988287749,0.6652031746123727
2000.0,Millones de USD,Campodonico,renta_consumidores,0.0,1.0,1.969548988287749,0.6652031746123727
2000.0,Millones de USD,Campodonico,renta_empresas,2734.0375873175744,1.0,1.969548988287749,0.6652031746123727
2000.0,Millones de USD,Campodonico,renta_total,4186.542760032634,1.0,1.969548988287749,0.6652031746123727
2000.0,Millones de USD,Campodonico,regalias,642.674385405192,1.0,1.969548988287749,0.6652031746123727
2000.0,Millones de USD,Campodonico,impuesto_ganancias,809.8307873098678,1.0,1.969548988287749,0.6652031746123727
2000.0,Millones de USD,Campodonico,retenciones,,1.0,1.969548988287749,0.6652031746123727
2001.0,Millones de USD,Campodonico,renta_estado_total,1291.557309998509,1.0,2.07506215718321,0.6839394785190851
2001.0,Millones de USD,Campodonico,renta_consumidores,0.0,1.0,2.07506215718321,0.6839394785190851
2001.0,Millones de USD,Campodonico,renta_empresas,1740.3963751752956,1.0,2.07506215718321,0.6839394785190851
2001.0,Millones de USD,Campodonico,renta_total,3032.6582990908796,1.0,2.07506215718321,0.6839394785190851
2001.0,Millones de USD,Campodonico,regalias,496.7528115378881,1.0,2.07506215718321,0.6839394785190851
2001.0,Millones de USD,Campodonico,impuesto_ganancias,794.8044984606208,1.0,2.07506215718321,0.6839394785190851
2001.0,Millones de USD,Campodonico,retenciones,,1.0,2.07506215718321,0.6839394785190851
2002.0,Millones de USD,Campodonico,renta_estado_total,2782.5722927489633,3.14,3.101870690383393,0.6948528926503146
2002.0,Millones de USD,Campodonico,renta_consumidores,1094.0899433793043,3.14,3.101870690383393,0.6948528926503146
2002.0,Millones de USD,Campodonico,renta_empresas,3082.682184008799,3.14,3.101870690383393,0.6948528926503146
2002.0,Millones de USD,Campodonico,renta_total,6959.344420137067,3.14,3.101870690383393,0.6948528926503146
2002.0,Millones de USD,Campodonico,regalias,1016.8772043658515,3.14,3.101870690383393,0.6948528926503146
2002.0,Millones de USD,Campodonico,impuesto_ganancias,1137.7952673491832,3.14,3.101870690383393,0.6948528926503146
2002.0,Millones de USD,Campodonico,retenciones,627.8998210339283,3.14,3.101870690383393,0.6948528926503146
2003.0,Millones de USD,Campodonico,renta_estado_total,2629.497897463407,2.93,3.575691739551415,0.710820601821671
2003.0,Millones de USD,Campodonico,renta_consumidores,944.1292319257036,2.93,3.575691739551415,0.710820601821671
2003.0,Millones de USD,Campodonico,renta_empresas,2382.802347241062,2.93,3.575691739551415,0.710820601821671
2003.0,Millones de USD,Campodonico,renta_total,5957.582259575137,2.93,3.575691739551415,0.710820601821671
2003.0,Millones de USD,Campodonico,regalias,835.7676350990662,2.93,3.575691739551415,0.710820601821671
2003.0,Millones de USD,Campodonico,impuesto_ganancias,1278.4362859653302,2.93,3.575691739551415,0.710820601821671
2003.0,Millones de USD,Campodonico,retenciones,515.2939763990105,2.93,3.575691739551415,0.710820601821671
2004.0,Millones de USD,Campodonico,renta_estado_total,3105.5099047440317,2.93,3.476419712823161,0.7297822564626566
2004.0,Millones de USD,Campodonico,renta_consumidores,2459.924171478166,2.93,3.476419712823161,0.7297822564626566
2004.0,Millones de USD,Campodonico,renta_empresas,1583.3596427683406,2.93,3.476419712823161,0.7297822564626566
2004.0,Millones de USD,Campodonico,renta_total,7148.793718990538,2.93,3.476419712823161,0.7297822564626566
2004.0,Millones de USD,Campodonico,regalias,973.5756227962883,2.93,3.476419712823161,0.7297822564626566
2004.0,Millones de USD,Campodonico,impuesto_ganancias,1405.505970276492,2.93,3.476419712823161,0.7297822564626566
2004.0,Millones de USD,Campodonico,retenciones,726.4283116712517,2.93,3.476419712823161,0.7297822564626566
2005.0,Millones de USD,Campodonico,renta_estado_total,3689.67472788741,2.928416666666667,3.913969455049009,0.7543454864984326
2005.0,Millones de USD,Campodonico,renta_consumidores,2942.813149903749,2.928416666666667,3.913969455049009,0.7543454864984326
2005.0,Millones de USD,Campodonico,renta_empresas,959.1170596417004,2.928416666666667,3.913969455049009,0.7543454864984326
2005.0,Millones de USD,Campodonico,renta_total,7590.61308938773,2.928416666666667,3.913969455049009,0.7543454864984326
2005.0,Millones de USD,Campodonico,regalias,979.945868589452,2.928416666666667,3.913969455049009,0.7543454864984326
2005.0,Millones de USD,Campodonico,impuesto_ganancias,1710.937877851017,2.928416666666667,3.913969455049009,0.7543454864984326
2005.0,Millones de USD,Campodonico,retenciones,998.7909814469414,2.928416666666667,3.913969455049009,0.7543454864984326
2006.0,Millones de USD,Campodonico,renta_estado_total,3995.8349207274678,3.07775,4.120995359841515,0.7786511728378964
2006.0,Millones de USD,Campodonico,renta_consumidores,3268.796305770334,3.07775,4.120995359841515,0.7786511728378964
2006.0,Millones de USD,Campodonico,renta_empresas,1304.449230002246,3.07775,4.120995359841515,0.7786511728378964
2006.0,Millones de USD,Campodonico,renta_total,8569.080456500049,3.07775,4.120995359841515,0.7786511728378964
2006.0,Millones de USD,Campodonico,regalias,1082.8846916709822,3.07775,4.120995359841515,0.7786511728378964
2006.0,Millones de USD,Campodonico,impuesto_ganancias,1808.0049989369365,3.07775,4.120995359841515,0.7786511728378964
2006.0,Millones de USD,Campodonico,retenciones,1104.9452301195497,3.07775,4.120995359841515,0.7786511728378964
1996.0,Millones de USD,Mansilla,renta_empresas,2253.986885486163,1.0,1.700047480198135,0.6059681244605666
1996.0,Millones de USD,Mansilla,renta_consumidores,450.40909339602916,1.0,1.700047480198135,0.6059681244605666
1996.0,Millones de USD,Mansilla,renta_total,4846.751300272356,1.0,1.700047480198135,0.6059681244605666
1996.0,Millones de USD,Mansilla,renta_estado_total,2142.355321390164,1.0,1.700047480198135,0.6059681244605666
1997.0,Millones de USD,Mansilla,renta_empresas,2389.116619139861,1.0,1.685374159314438,0.6201330277577377
1997.0,Millones de USD,Mansilla,renta_consumidores,228.67395753881726,1.0,1.685374159314438,0.6201330277577377
1997.0,Millones de USD,Mansilla,renta_total,4756.226957847116,1.0,1.685374159314438,0.6201330277577377
1997.0,Millones de USD,Mansilla,renta_estado_total,2138.436381168438,1.0,1.685374159314438,0.6201330277577377
1998.0,Millones de USD,Mansilla,renta_empresas,1083.178202509663,1.0,1.834025658588197,0.6297265304453671
1998.0,Millones de USD,Mansilla,renta_consumidores,374.04714906808505,1.0,1.834025658588197,0.6297265304453671
1998.0,Millones de USD,Mansilla,renta_total,2504.037859039125,1.0,1.834025658588197,0.6297265304453671
1998.0,Millones de USD,Mansilla,renta_estado_total,1046.812507461377,1.0,1.834025658588197,0.6297265304453671
1999.0,Millones de USD,Mansilla,renta_empresas,1740.4947060674567,1.0,1.945408423379476,0.6435373111601088
1999.0,Millones de USD,Mansilla,renta_consumidores,373.8189639465671,1.0,1.945408423379476,0.6435373111601088
1999.0,Millones de USD,Mansilla,renta_total,3485.781962954741,1.0,1.945408423379476,0.6435373111601088
1999.0,Millones de USD,Mansilla,renta_estado_total,1371.4682929407172,1.0,1.945408423379476,0.6435373111601088
2000.0,Millones de USD,Mansilla,renta_empresas,3092.011799615716,1.0,1.969548988287749,0.6652031746123727
2000.0,Millones de USD,Mansilla,renta_consumidores,257.9856796519654,1.0,1.969548988287749,0.6652031746123727
2000.0,Millones de USD,Mansilla,renta_total,5686.3707497252735,1.0,1.969548988287749,0.6652031746123727
2000.0,Millones de USD,Mansilla,renta_estado_total,2336.3732704575923,1.0,1.969548988287749,0.6652031746123727
2001.0,Millones de USD,Mansilla,renta_empresas,2354.819710864712,1.0,2.07506215718321,0.6839394785190851
2001.0,Millones de USD,Mansilla,renta_consumidores,143.03662516622876,1.0,2.07506215718321,0.6839394785190851
2001.0,Millones de USD,Mansilla,renta_total,4303.077191577138,1.0,2.07506215718321,0.6839394785190851
2001.0,Millones de USD,Mansilla,renta_estado_total,1805.9254694632725,1.0,2.07506215718321,0.6839394785190851
2002.0,Millones de USD,Mansilla,renta_empresas,4625.4801201455275,3.14,3.101870690383393,0.6948528926503146
2002.0,Millones de USD,Mansilla,renta_consumidores,560.8849909467805,3.14,3.101870690383393,0.6948528926503146
2002.0,Millones de USD,Mansilla,renta_total,9144.610618631017,3.14,3.101870690383393,0.6948528926503146
2002.0,Millones de USD,Mansilla,renta_estado_total,3959.7023516710374,3.14,3.101870690383393,0.6948528926503146
2003.0,Millones de USD,Mansilla,renta_empresas,4136.185206531654,2.93,3.575691739551415,0.710820601821671
2003.0,Millones de USD,Mansilla,renta_consumidores,853.0593792735298,2.93,3.575691739551415,0.710820601821671
2003.0,Millones de USD,Mansilla,renta_total,8493.70473849644,2.93,3.575691739551415,0.710820601821671
2003.0,Millones de USD,Mansilla,renta_estado_total,3504.460152691257,2.93,3.575691739551415,0.710820601821671
2004.0,Millones de USD,Mansilla,renta_empresas,4234.996214464993,2.93,3.476419712823161,0.7297822564626566
2004.0,Millones de USD,Mansilla,renta_consumidores,2234.7198459203055,2.93,3.476419712823161,0.7297822564626566
2004.0,Millones de USD,Mansilla,renta_total,10306.27385270946,2.93,3.476419712823161,0.7297822564626566
2004.0,Millones de USD,Mansilla,renta_estado_total,3837.7126863013827,2.93,3.476419712823161,0.7297822564626566
2005.0,Millones de USD,Mansilla,renta_empresas,4458.356962863954,2.928416666666667,3.913969455049009,0.7543454864984326
2005.0,Millones de USD,Mansilla,renta_consumidores,3266.155612616463,2.928416666666667,3.913969455049009,0.7543454864984326
2005.0,Millones de USD,Mansilla,renta_total,11901.184693527159,2.928416666666667,3.913969455049009,0.7543454864984326
2005.0,Millones de USD,Mansilla,renta_estado_total,4177.663966091874,2.928416666666667,3.913969455049009,0.7543454864984326
1963.0,Millones de USD,Propia,retenciones,,1.39e-11,1.3689814027401163e-11,0.11834132845545574
1963.0,Millones de USD,Propia,regalias_total,,1.39e-11,1.3689814027401163e-11,0.11834132845545574
1963.0,Millones de USD,Propia,renta_empresas,,1.39e-11,1.3689814027401163e-11,0.11834132845545574
1963.0,Millones de USD,Propia,renta_total,-261.4003970695441,1.39e-11,1.3689814027401163e-11,0.11834132845545574
1963.0,Millones de USD,Propia,subsidios,,1.39e-11,1.3689814027401163e-11,0.11834132845545574
1963.0,Millones de USD,Propia,renta_sobrevaluacion,-0.18156939350438675,1.39e-11,1.3689814027401163e-11,0.11834132845545574
1963.0,Millones de USD,Propia,renta_diferencial_precios,-261.2188276760397,1.39e-11,1.3689814027401163e-11,0.11834132845545574
1964.0,Millones de USD,Propia,retenciones,,1.41e-11,1.5961183187096464e-11,0.11990590641055232
1964.0,Millones de USD,Propia,regalias_total,,1.41e-11,1.5961183187096464e-11,0.11990590641055232
1964.0,Millones de USD,Propia,renta_empresas,,1.41e-11,1.5961183187096464e-11,0.11990590641055232
1964.0,Millones de USD,Propia,renta_total,374.7175522944244,1.41e-11,1.5961183187096464e-11,0.11990590641055232
1964.0,Millones de USD,Propia,subsidios,,1.41e-11,1.5961183187096464e-11,0.11990590641055232
1964.0,Millones de USD,Propia,renta_sobrevaluacion,0.19546778799490017,1.41e-11,1.5961183187096464e-11,0.11990590641055232
1964.0,Millones de USD,Propia,renta_diferencial_precios,374.5220845064295,1.41e-11,1.5961183187096464e-11,0.11990590641055232
1965.0,Millones de USD,Propia,retenciones,,1.68e-11,1.9334847321468138e-11,0.121798852578447
1965.0,Millones de USD,Propia,regalias_total,,1.68e-11,1.9334847321468138e-11,0.121798852578447
1965.0,Millones de USD,Propia,renta_empresas,,1.68e-11,1.9334847321468138e-11,0.121798852578447
1965.0,Millones de USD,Propia,renta_total,699.2776380949017,1.68e-11,1.9334847321468138e-11,0.121798852578447
1965.0,Millones de USD,Propia,subsidios,,1.68e-11,1.9334847321468138e-11,0.121798852578447
1965.0,Millones de USD,Propia,renta_sobrevaluacion,0.0,1.68e-11,1.9334847321468138e-11,0.121798852578447
1965.0,Millones de USD,Propia,renta_diferencial_precios,699.2776380949017,1.68e-11,1.9334847321468138e-11,0.121798852578447
1966.0,Millones de USD,Propia,retenciones,,2.07e-11,2.491185820885275e-11,0.12543987658506073
1966.0,Millones de USD,Propia,regalias_total,,2.07e-11,2.491185820885275e-11,0.12543987658506073
1966.0,Millones de USD,Propia,renta_empresas,,2.07e-11,2.491185820885275e-11,0.12543987658506073
1966.0,Millones de USD,Propia,renta_total,2187.832167403832,2.07e-11,2.491185820885275e-11,0.12543987658506073
1966.0,Millones de USD,Propia,subsidios,,2.07e-11,2.491185820885275e-11,0.12543987658506073
1966.0,Millones de USD,Propia,renta_sobrevaluacion,0.14428147006187494,2.07e-11,2.491185820885275e-11,0.12543987658506073
1966.0,Millones de USD,Propia,renta_diferencial_precios,2187.68788593377,2.07e-11,2.491185820885275e-11,0.12543987658506073
1967.0,Millones de USD,Propia,retenciones,,3.31e-11,3.281393980941069e-11,0.12893281296629494
1967.0,Millones de USD,Propia,regalias_total,,3.31e-11,3.281393980941069e-11,0.12893281296629494
1967.0,Millones de USD,Propia,renta_empresas,,3.31e-11,3.281393980941069e-11,0.12893281296629494
1967.0,Millones de USD,Propia,renta_total,-550.0272862425895,3.31e-11,3.281393980941069e-11,0.12893281296629494
1967.0,Millones de USD,Propia,subsidios,,3.31e-11,3.281393980941069e-11,0.12893281296629494
1967.0,Millones de USD,Propia,renta_sobrevaluacion,-0.0069830895731544515,3.31e-11,3.281393980941069e-11,0.12893281296629494
1967.0,Millones de USD,Propia,renta_diferencial_precios,-550.0203031530164,3.31e-11,3.281393980941069e-11,0.12893281296629494
1968.0,Millones de USD,Propia,retenciones,,3.5e-11,3.527585316582835e-11,0.13440561651292918
1968.0,Millones de USD,Propia,regalias_total,,3.5e-11,3.527585316582835e-11,0.13440561651292918
1968.0,Millones de USD,Propia,renta_empresas,,3.5e-11,3.527585316582835e-11,0.13440561651292918
1968.0,Millones de USD,Propia,renta_total,-1385.7990727077408,3.5e-11,3.527585316582835e-11,0.13440561651292918
1968.0,Millones de USD,Propia,subsidios,,3.5e-11,3.527585316582835e-11,0.13440561651292918
1968.0,Millones de USD,Propia,renta_sobrevaluacion,0.08941625749138431,3.5e-11,3.527585316582835e-11,0.13440561651292918
1968.0,Millones de USD,Propia,renta_diferencial_precios,-1385.8884889652322,3.5e-11,3.527585316582835e-11,0.13440561651292918
1969.0,Millones de USD,Propia,retenciones,,3.5e-11,3.3458068278099456e-11,0.14171341889578784
1969.0,Millones de USD,Propia,regalias_total,,3.5e-11,3.3458068278099456e-11,0.14171341889578784
1969.0,Millones de USD,Propia,renta_empresas,,3.5e-11,3.3458068278099456e-11,0.14171341889578784
1969.0,Millones de USD,Propia,renta_total,-552.8365042516207,3.5e-11,3.3458068278099456e-11,0.14171341889578784
1969.0,Millones de USD,Propia,subsidios,,3.5e-11,3.3458068278099456e-11,0.14171341889578784
1969.0,Millones de USD,Propia,renta_sobrevaluacion,-0.29108837491473344,3.5e-11,3.3458068278099456e-11,0.14171341889578784
1969.0,Millones de USD,Propia,renta_diferencial_precios,-552.545415876706,3.5e-11,3.3458068278099456e-11,0.14171341889578784
1970.0,Millones de USD,Propia,retenciones,,3.77e-11,3.569785208225281e-11,0.1500513960638953
1970.0,Millones de USD,Propia,regalias_total,,3.77e-11,3.569785208225281e-11,0.1500513960638953
1970.0,Millones de USD,Propia,renta_empresas,,3.77e-11,3.569785208225281e-11,0.1500513960638953
1970.0,Millones de USD,Propia,renta_total,611.3562421444275,3.77e-11,3.569785208225281e-11,0.1500513960638953
1970.0,Millones de USD,Propia,subsidios,,3.77e-11,3.569785208225281e-11,0.1500513960638953
1970.0,Millones de USD,Propia,renta_sobrevaluacion,0.0,3.77e-11,3.569785208225281e-11,0.1500513960638953
1970.0,Millones de USD,Propia,renta_diferencial_precios,611.3562421444275,3.77e-11,3.569785208225281e-11,0.1500513960638953
1971.0,Millones de USD,Propia,retenciones,,4.59e-11,4.7720273050483874e-11,0.15639340958558323
1971.0,Millones de USD,Propia,regalias_total,,4.59e-11,4.7720273050483874e-11,0.15639340958558323
1971.0,Millones de USD,Propia,renta_empresas,,4.59e-11,4.7720273050483874e-11,0.15639340958558323
1971.0,Millones de USD,Propia,renta_total,1514.0305847654251,4.59e-11,4.7720273050483874e-11,0.15639340958558323
1971.0,Millones de USD,Propia,subsidios,,4.59e-11,4.7720273050483874e-11,0.15639340958558323
1971.0,Millones de USD,Propia,renta_sobrevaluacion,0.0,4.59e-11,4.7720273050483874e-11,0.15639340958558323
1971.0,Millones de USD,Propia,renta_diferencial_precios,1514.0305847654251,4.59e-11,4.7720273050483874e-11,0.15639340958558323
1972.0,Millones de USD,Propia,retenciones,,8e-11,7.45834959761967e-11,0.16151209054978818
1972.0,Millones de USD,Propia,regalias_total,,8e-11,7.45834959761967e-11,0.16151209054978818
1972.0,Millones de USD,Propia,renta_empresas,,8e-11,7.45834959761967e-11,0.16151209054978818
1972.0,Millones de USD,Propia,renta_total,2104.9115105310702,8e-11,7.45834959761967e-11,0.16151209054978818
1972.0,Millones de USD,Propia,subsidios,,8e-11,7.45834959761967e-11,0.16151209054978818
1972.0,Millones de USD,Propia,renta_sobrevaluacion,0.0,8e-11,7.45834959761967e-11,0.16151209054978818
1972.0,Millones de USD,Propia,renta_diferencial_precios,2104.9115105310702,8e-11,7.45834959761967e-11,0.16151209054978818
1973.0,Millones de USD,Propia,retenciones,,8.68e-11,1.1375831475781977e-10,0.17162068063004204
1973.0,Millones de USD,Propia,regalias_total,,8.68e-11,1.1375831475781977e-10,0.17162068063004204
1973.0,Millones de USD,Propia,renta_empresas,,8.68e-11,1.1375831475781977e-10,0.17162068063004204
1973.0,Millones de USD,Propia,renta_total,2346.8810804142013,8.68e-11,1.1375831475781977e-10,0.17162068063004204
1973.0,Millones de USD,Propia,subsidios,,8.68e-11,1.1375831475781977e-10,0.17162068063004204
1973.0,Millones de USD,Propia,renta_sobrevaluacion,0.0,8.68e-11,1.1375831475781977e-10,0.17162068063004204
1973.0,Millones de USD,Propia,renta_diferencial_precios,2346.8810804142004,8.68e-11,1.1375831475781977e-10,0.17162068063004204
1974.0,Millones de USD,Propia,retenciones,,8.68e-11,1.2647585597322773e-10,0.19051794934694966
1974.0,Millones de USD,Propia,regalias_total,,8.68e-11,1.2647585597322773e-10,0.19051794934694966
1974.0,Millones de USD,Propia,renta_empresas,,8.68e-11,1.2647585597322773e-10,0.19051794934694966
1974.0,Millones de USD,Propia,renta_total,8643.874464916926,8.68e-11,1.2647585597322773e-10,0.19051794934694966
1974.0,Millones de USD,Propia,subsidios,,8.68e-11,1.2647585597322773e-10,0.19051794934694966
1974.0,Millones de USD,Propia,renta_sobrevaluacion,5.518874398587126,8.68e-11,1.2647585597322773e-10,0.19051794934694966
1974.0,Millones de USD,Propia,renta_diferencial_precios,8638.35559051834,8.68e-11,1.2647585597322773e-10,0.19051794934694966
1975.0,Millones de USD,Propia,retenciones,,2.57e-10,3.74002397389071e-10,0.20793434181006215
1975.0,Millones de USD,Propia,regalias_total,,2.57e-10,3.74002397389071e-10,0.20793434181006215
1975.0,Millones de USD,Propia,renta_empresas,,2.57e-10,3.74002397389071e-10,0.20793434181006215
1975.0,Millones de USD,Propia,renta_total,8574.978239237791,2.57e-10,3.74002397389071e-10,0.20793434181006215
1975.0,Millones de USD,Propia,subsidios,,2.57e-10,3.74002397389071e-10,0.20793434181006215
1975.0,Millones de USD,Propia,renta_sobrevaluacion,1.8950135650104574,2.57e-10,3.74002397389071e-10,0.20793434181006215
1975.0,Millones de USD,Propia,renta_diferencial_precios,8573.083225672779,2.57e-10,3.74002397389071e-10,0.20793434181006215
1976.0,Millones de USD,Propia,retenciones,,1.83e-09,2.001721362135581e-09,0.2199423166506185
1976.0,Millones de USD,Propia,regalias_total,,1.83e-09,2.001721362135581e-09,0.2199423166506185
1976.0,Millones de USD,Propia,renta_empresas,,1.83e-09,2.001721362135581e-09,0.2199423166506185
1976.0,Millones de USD,Propia,renta_total,7422.889575823964,1.83e-09,2.001721362135581e-09,0.2199423166506185
1976.0,Millones de USD,Propia,subsidios,,1.83e-09,2.001721362135581e-09,0.2199423166506185
1976.0,Millones de USD,Propia,renta_sobrevaluacion,0.0,1.83e-09,2.001721362135581e-09,0.2199423166506185
1976.0,Millones de USD,Propia,renta_diferencial_precios,7422.889575823963,1.83e-09,2.001721362135581e-09,0.2199423166506185
1977.0,Millones de USD,Propia,retenciones,,4.05e-09,4.817638854131992e-09,0.2341716058718675
1977.0,Millones de USD,Propia,regalias_total,,4.05e-09,4.817638854131992e-09,0.2341716058718675
1977.0,Millones de USD,Propia,renta_empresas,,4.05e-09,4.817638854131992e-09,0.2341716058718675
1977.0,Millones de USD,Propia,renta_total,8539.529332744296,4.05e-09,4.817638854131992e-09,0.2341716058718675
1977.0,Millones de USD,Propia,subsidios,,4.05e-09,4.817638854131992e-09,0.2341716058718675
1977.0,Millones de USD,Propia,renta_sobrevaluacion,0.0,4.05e-09,4.817638854131992e-09,0.2341716058718675
1977.0,Millones de USD,Propia,renta_diferencial_precios,8539.529332744296,4.05e-09,4.817638854131992e-09,0.2341716058718675
1978.0,Millones de USD,Propia,retenciones,,7.9e-09,1.2622630391494297e-08,0.25203869980352633
1978.0,Millones de USD,Propia,regalias_total,,7.9e-09,1.2622630391494297e-08,0.25203869980352633
1978.0,Millones de USD,Propia,renta_empresas,,7.9e-09,1.2622630391494297e-08,0.25203869980352633
1978.0,Millones de USD,Propia,renta_total,8119.169775623333,7.9e-09,1.2622630391494297e-08,0.25203869980352633
1978.0,Millones de USD,Propia,subsidios,,7.9e-09,1.2622630391494297e-08,0.25203869980352633
1978.0,Millones de USD,Propia,renta_sobrevaluacion,0.0,7.9e-09,1.2622630391494297e-08,0.25203869980352633
1978.0,Millones de USD,Propia,renta_diferencial_precios,8119.169775623335,7.9e-09,1.2622630391494297e-08,0.25203869980352633
1979.0,Millones de USD,Propia,retenciones,,1.31e-08,2.4626019715424612e-08,0.2804006993599073
1979.0,Millones de USD,Propia,regalias_total,,1.31e-08,2.4626019715424612e-08,0.2804006993599073
1979.0,Millones de USD,Propia,renta_empresas,,1.31e-08,2.4626019715424612e-08,0.2804006993599073
1979.0,Millones de USD,Propia,renta_total,18672.599309362904,1.31e-08,2.4626019715424612e-08,0.2804006993599073
1979.0,Millones de USD,Propia,subsidios,,1.31e-08,2.4626019715424612e-08,0.2804006993599073
1979.0,Millones de USD,Propia,renta_sobrevaluacion,6.509845025795843e-05,1.31e-08,2.4626019715424612e-08,0.2804006993599073
1979.0,Millones de USD,Propia,renta_diferencial_precios,18672.599244264457,1.31e-08,2.4626019715424612e-08,0.2804006993599073
1980.0,Millones de USD,Propia,retenciones,,1.83e-08,4.162040187202227e-08,0.3182596227178007
1980.0,Millones de USD,Propia,regalias_total,,1.83e-08,4.162040187202227e-08,0.3182596227178007
1980.0,Millones de USD,Propia,renta_empresas,,1.83e-08,4.162040187202227e-08,0.3182596227178007
1980.0,Millones de USD,Propia,renta_total,21783.535020876025,1.83e-08,4.162040187202227e-08,0.3182596227178007
1980.0,Millones de USD,Propia,subsidios,,1.83e-08,4.162040187202227e-08,0.3182596227178007
1980.0,Millones de USD,Propia,renta_sobrevaluacion,0.0,1.83e-08,4.162040187202227e-08,0.3182596227178007
1980.0,Millones de USD,Propia,renta_diferencial_precios,21783.53502087603,1.83e-08,4.162040187202227e-08,0.3182596227178007
1981.0,Millones de USD,Propia,retenciones,,4.41e-08,8.190042358174585e-08,0.3512896017698403
1981.0,Millones de USD,Propia,regalias_total,,4.41e-08,8.190042358174585e-08,0.3512896017698403
1981.0,Millones de USD,Propia,renta_empresas,,4.41e-08,8.190042358174585e-08,0.3512896017698403
1981.0,Millones de USD,Propia,renta_total,20594.423812399116,4.41e-08,8.190042358174585e-08,0.3512896017698403
1981.0,Millones de USD,Propia,subsidios,,4.41e-08,8.190042358174585e-08,0.3512896017698403
1981.0,Millones de USD,Propia,renta_sobrevaluacion,0.0,4.41e-08,8.190042358174585e-08,0.3512896017698403
1981.0,Millones de USD,Propia,renta_diferencial_precios,20594.423812399116,4.41e-08,8.190042358174585e-08,0.3512896017698403
1982.0,Millones de USD,Propia,retenciones,,2.16e-07,2.0667427771827035e-07,0.3729232722600651
1982.0,Millones de USD,Propia,regalias_total,,2.16e-07,2.0667427771827035e-07,0.3729232722600651
1982.0,Millones de USD,Propia,renta_empresas,,2.16e-07,2.0667427771827035e-07,0.3729232722600651
1982.0,Millones de USD,Propia,renta_total,18248.040586282055,2.16e-07,2.0667427771827035e-07,0.3729232722600651
1982.0,Millones de USD,Propia,subsidios,,2.16e-07,2.0667427771827035e-07,0.3729232722600651
1982.0,Millones de USD,Propia,renta_sobrevaluacion,0.0,2.16e-07,2.0667427771827035e-07,0.3729232722600651
1982.0,Millones de USD,Propia,renta_diferencial_precios,18248.040586282055,2.16e-07,2.0667427771827035e-07,0.3729232722600651
1983.0,Millones de USD,Propia,retenciones,,1.053e-06,8.931256667281215e-07,0.38470589636634817
1983.0,Millones de USD,Propia,regalias_total,,1.053e-06,8.931256667281215e-07,0.38470589636634817
1983.0,Millones de USD,Propia,renta_empresas,,1.053e-06,8.931256667281215e-07,0.38470589636634817
1983.0,Millones de USD,Propia,renta_total,14121.71692052681,1.053e-06,8.931256667281215e-07,0.38470589636634817
1983.0,Millones de USD,Propia,subsidios,,1.053e-06,8.931256667281215e-07,0.38470589636634817
1983.0,Millones de USD,Propia,renta_sobrevaluacion,0.0,1.053e-06,8.931256667281215e-07,0.38470589636634817
1983.0,Millones de USD,Propia,renta_diferencial_precios,14121.716920526816,1.053e-06,8.931256667281215e-07,0.38470589636634817
1984.0,Millones de USD,Propia,retenciones,,6.77e-06,6.5215349932082375e-06,0.40151062255071923
1984.0,Millones de USD,Propia,regalias_total,,6.77e-06,6.5215349932082375e-06,0.40151062255071923
1984.0,Millones de USD,Propia,renta_empresas,,6.77e-06,6.5215349932082375e-06,0.40151062255071923
1984.0,Millones de USD,Propia,renta_total,14448.839957554099,6.77e-06,6.5215349932082375e-06,0.40151062255071923
1984.0,Millones de USD,Propia,subsidios,,6.77e-06,6.5215349932082375e-06,0.40151062255071923
1984.0,Millones de USD,Propia,renta_sobrevaluacion,0.0,6.77e-06,6.5215349932082375e-06,0.40151062255071923
1984.0,Millones de USD,Propia,renta_diferencial_precios,14448.839957554097,6.77e-06,6.5215349932082375e-06,0.40151062255071923
1985.0,Millones de USD,Propia,retenciones,,6e-05,5.369904101939766e-05,0.4156755258478902
1985.0,Millones de USD,Propia,regalias_total,,6e-05,5.369904101939766e-05,0.4156755258478902
1985.0,Millones de USD,Propia,renta_empresas,,6e-05,5.369904101939766e-05,0.4156755258478902
1985.0,Millones de USD,Propia,renta_total,12026.117022383723,6e-05,5.369904101939766e-05,0.4156755258478902
1985.0,Millones de USD,Propia,subsidios,,6e-05,5.369904101939766e-05,0.4156755258478902
1985.0,Millones de USD,Propia,renta_sobrevaluacion,-19.463141222947083,6e-05,5.369904101939766e-05,0.4156755258478902
1985.0,Millones de USD,Propia,renta_diferencial_precios,12045.58016360667,6e-05,5.369904101939766e-05,0.4156755258478902
1986.0,Millones de USD,Propia,retenciones,,9.42e-05,8.955315961391932e-05,0.42375595931968546
1986.0,Millones de USD,Propia,regalias_total,,9.42e-05,8.955315961391932e-05,0.42375595931968546
1986.0,Millones de USD,Propia,renta_empresas,,9.42e-05,8.955315961391932e-05,0.42375595931968546
1986.0,Millones de USD,Propia,renta_total,9049.809821941839,9.42e-05,8.955315961391932e-05,0.42375595931968546
1986.0,Millones de USD,Propia,subsidios,,9.42e-05,8.955315961391932e-05,0.42375595931968546
1986.0,Millones de USD,Propia,renta_sobrevaluacion,-2.3027825437546015,9.42e-05,8.955315961391932e-05,0.42375595931968546
1986.0,Millones de USD,Propia,renta_diferencial_precios,9052.112604485596,9.42e-05,8.955315961391932e-05,0.42375595931968546
1987.0,Millones de USD,Propia,retenciones,,0.000214,0.00020847512175890085,0.43891884444006624
1987.0,Millones de USD,Propia,regalias_total,,0.000214,0.00020847512175890085,0.43891884444006624
1987.0,Millones de USD,Propia,renta_empresas,,0.000214,0.00020847512175890085,0.43891884444006624
1987.0,Millones de USD,Propia,renta_total,7975.995134046814,0.000214,0.00020847512175890085,0.43891884444006624
1987.0,Millones de USD,Propia,subsidios,,0.000214,0.00020847512175890085,0.43891884444006624
1987.0,Millones de USD,Propia,renta_sobrevaluacion,-0.6245210256032329,0.000214,0.00020847512175890085,0.43891884444006624
1987.0,Millones de USD,Propia,renta_diferencial_precios,7976.619655072417,0.000214,0.00020847512175890085,0.43891884444006624
1988.0,Millones de USD,Propia,retenciones,,0.000871,0.0009757902950238913,0.4569147102198811
1988.0,Millones de USD,Propia,regalias_total,,0.000871,0.0009757902950238913,0.4569147102198811
1988.0,Millones de USD,Propia,renta_empresas,,0.000871,0.0009757902950238913,0.4569147102198811
1988.0,Millones de USD,Propia,renta_total,3669.907459887789,0.000871,0.0009757902950238913,0.4569147102198811
1988.0,Millones de USD,Propia,subsidios,,0.000871,0.0009757902950238913,0.4569147102198811
1988.0,Millones de USD,Propia,renta_sobrevaluacion,4.096232085835653,0.000871,0.0009757902950238913,0.4569147102198811
1988.0,Millones de USD,Propia,renta_diferencial_precios,3665.811227801953,0.000871,0.0009757902950238913,0.4569147102198811
1989.0,Millones de USD,Propia,retenciones,,0.0394,0.029977468642338887,0.4788059244064181
1989.0,Millones de USD,Propia,regalias_total,,0.0394,0.029977468642338887,0.4788059244064181
1989.0,Millones de USD,Propia,renta_empresas,,0.0394,0.029977468642338887,0.4788059244064181
1989.0,Millones de USD,Propia,renta_total,4940.019712328644,0.0394,0.029977468642338887,0.4788059244064181
1989.0,Millones de USD,Propia,subsidios,,0.0394,0.029977468642338887,0.4788059244064181
1989.0,Millones de USD,Propia,renta_sobrevaluacion,-22.67959135244164,0.0394,0.029977468642338887,0.4788059244064181
1989.0,Millones de USD,Propia,renta_diferencial_precios,4962.6993036810845,0.0394,0.029977468642338887,0.4788059244064181
1990.0,Millones de USD,Propia,retenciones,,0.449,0.7399955380923077,0.5047534518098722
1990.0,Millones de USD,Propia,regalias_total,,0.449,0.7399955380923077,0.5047534518098722
1990.0,Millones de USD,Propia,renta_empresas,,0.449,0.7399955380923077,0.5047534518098722
1990.0,Millones de USD,Propia,renta_total,4608.91882811832,0.449,0.7399955380923077,0.5047534518098722
1990.0,Millones de USD,Propia,subsidios,,0.449,0.7399955380923077,0.5047534518098722
1990.0,Millones de USD,Propia,renta_sobrevaluacion,114.36140091739492,0.449,0.7399955380923077,0.5047534518098722
1990.0,Millones de USD,Propia,renta_diferencial_precios,4494.557427200925,0.449,0.7399955380923077,0.5047534518098722
1991.0,Millones de USD,Propia,retenciones,,0.95,1.69,0.5260329997176677
1991.0,Millones de USD,Propia,regalias_total,344.3564119689307,0.95,1.69,0.5260329997176677
1991.0,Millones de USD,Propia,renta_empresas,,0.95,1.69,0.5260329997176677
1991.0,Millones de USD,Propia,renta_total,6226.187010749131,0.95,1.69,0.5260329997176677
1991.0,Millones de USD,Propia,subsidios,,0.95,1.69,0.5260329997176677
1991.0,Millones de USD,Propia,renta_sobrevaluacion,122.87625456151406,0.95,1.69,0.5260329997176677
1991.0,Millones de USD,Propia,renta_diferencial_precios,5758.954344218688,0.95,1.69,0.5260329997176677
1992.0,Millones de USD,Propia,retenciones,,0.99,1.894025275738358,0.5420329018510631
1992.0,Millones de USD,Propia,regalias_total,340.1124351085031,0.99,1.894025275738358,0.5420329018510631
1992.0,Millones de USD,Propia,renta_empresas,,0.99,1.894025275738358,0.5420329018510631
1992.0,Millones de USD,Propia,renta_total,647.271797983238,0.99,1.894025275738358,0.5420329018510631
1992.0,Millones de USD,Propia,subsidios,,0.99,1.894025275738358,0.5420329018510631
1992.0,Millones de USD,Propia,renta_sobrevaluacion,307.15936287473505,0.99,1.894025275738358,0.5420329018510631
1992.0,Millones de USD,Propia,renta_diferencial_precios,0.0,0.99,1.894025275738358,0.5420329018510631
1993.0,Millones de USD,Propia,retenciones,,0.99,1.972021623383232,0.5581293828705756
1993.0,Millones de USD,Propia,regalias_total,319.617552310541,0.99,1.972021623383232,0.5581293828705756
1993.0,Millones de USD,Propia,renta_empresas,,0.99,1.972021623383232,0.5581293828705756
1993.0,Millones de USD,Propia,renta_total,6998.505682618659,0.99,1.972021623383232,0.5581293828705756
1993.0,Millones de USD,Propia,subsidios,,0.99,1.972021623383232,0.5581293828705756
1993.0,Millones de USD,Propia,renta_sobrevaluacion,407.7201553364519,0.99,1.972021623383232,0.5581293828705756
1993.0,Millones de USD,Propia,renta_diferencial_precios,6271.167974971667,0.99,1.972021623383232,0.5581293828705756
1994.0,Millones de USD,Propia,retenciones,,1.0,1.812286513626661,0.5726162157881368
1994.0,Millones de USD,Propia,regalias_total,355.08098957553887,1.0,1.812286513626661,0.5726162157881368
1994.0,Millones de USD,Propia,renta_empresas,,1.0,1.812286513626661,0.5726162157881368
1994.0,Millones de USD,Propia,renta_total,3144.8358501548005,1.0,1.812286513626661,0.5726162157881368
1994.0,Millones de USD,Propia,subsidios,,1.0,1.812286513626661,0.5726162157881368
1994.0,Millones de USD,Propia,renta_sobrevaluacion,750.0414417769794,1.0,1.812286513626661,0.5726162157881368
1994.0,Millones de USD,Propia,renta_diferencial_precios,2039.7134188022817,1.0,1.812286513626661,0.5726162157881368
1995.0,Millones de USD,Propia,retenciones,,0.99,1.850027967708323,0.5886805038456102
1995.0,Millones de USD,Propia,regalias_total,401.1672558271733,0.99,1.850027967708323,0.5886805038456102
1995.0,Millones de USD,Propia,renta_empresas,,0.99,1.850027967708323,0.5886805038456102
1995.0,Millones de USD,Propia,renta_total,3672.3724611421812,0.99,1.850027967708323,0.5886805038456102
1995.0,Millones de USD,Propia,subsidios,,0.99,1.850027967708323,0.5886805038456102
1995.0,Millones de USD,Propia,renta_sobrevaluacion,1100.050862497019,0.99,1.850027967708323,0.5886805038456102
1995.0,Millones de USD,Propia,renta_diferencial_precios,2171.15434281799,0.99,1.850027967708323,0.5886805038456102
1996.0,Millones de USD,Propia,retenciones,,1.0,1.700047480198135,0.6059681244605666
1996.0,Millones de USD,Propia,regalias_total,574.4901688765789,1.0,1.700047480198135,0.6059681244605666
1996.0,Millones de USD,Propia,renta_empresas,,1.0,1.700047480198135,0.6059681244605666
1996.0,Millones de USD,Propia,renta_total,4355.915496415397,1.0,1.700047480198135,0.6059681244605666
1996.0,Millones de USD,Propia,subsidios,,1.0,1.700047480198135,0.6059681244605666
1996.0,Millones de USD,Propia,renta_sobrevaluacion,1382.9211086276882,1.0,1.700047480198135,0.6059681244605666
1996.0,Millones de USD,Propia,renta_diferencial_precios,2398.50421891113,1.0,1.700047480198135,0.6059681244605666
1997.0,Millones de USD,Propia,retenciones,,1.0,1.685374159314438,0.6201330277577377
1997.0,Millones de USD,Propia,regalias_total,558.3708058073636,1.0,1.685374159314438,0.6201330277577377
1997.0,Millones de USD,Propia,renta_empresas,,1.0,1.685374159314438,0.6201330277577377
1997.0,Millones de USD,Propia,renta_total,4099.287307084642,1.0,1.685374159314438,0.6201330277577377
1997.0,Millones de USD,Propia,subsidios,,1.0,1.685374159314438,0.6201330277577377
1997.0,Millones de USD,Propia,renta_sobrevaluacion,1236.7825300889492,1.0,1.685374159314438,0.6201330277577377
1997.0,Millones de USD,Propia,renta_diferencial_precios,2304.1339711883284,1.0,1.685374159314438,0.6201330277577377
1998.0,Millones de USD,Propia,retenciones,,1.0,1.834025658588197,0.6297265304453671
1998.0,Millones de USD,Propia,retenciones,,1.0,1.834025658588197,0.6297265304453671
1998.0,Millones de USD,Propia,regalias_total,320.71275531595717,1.0,1.834025658588197,0.6297265304453671
1998.0,Millones de USD,Propia,regalias_total,320.71275531595717,1.0,1.834025658588197,0.6297265304453671
1998.0,Millones de USD,Propia,renta_empresas,90.45045764019497,1.0,1.834025658588197,0.6297265304453671
1998.0,Millones de USD,Propia,renta_empresas,89.63956833473391,1.0,1.834025658588197,0.6297265304453671
1998.0,Millones de USD,Propia,renta_total,4179.705891411296,1.0,1.834025658588197,0.6297265304453671
1998.0,Millones de USD,Propia,renta_total,4178.8950021058345,1.0,1.834025658588197,0.6297265304453671
1998.0,Millones de USD,Propia,subsidios,,1.0,1.834025658588197,0.6297265304453671
1998.0,Millones de USD,Propia,subsidios,,1.0,1.834025658588197,0.6297265304453671
1998.0,Millones de USD,Propia,renta_sobrevaluacion,961.4956581271622,1.0,1.834025658588197,0.6297265304453671
1998.0,Millones de USD,Propia,renta_sobrevaluacion,961.4956581271622,1.0,1.834025658588197,0.6297265304453671
1998.0,Millones de USD,Propia,renta_diferencial_precios,2807.047020327982,1.0,1.834025658588197,0.6297265304453671
1998.0,Millones de USD,Propia,renta_diferencial_precios,2807.047020327982,1.0,1.834025658588197,0.6297265304453671
1999.0,Millones de USD,Propia,retenciones,,1.0,1.945408423379476,0.6435373111601088
1999.0,Millones de USD,Propia,retenciones,,1.0,1.945408423379476,0.6435373111601088
1999.0,Millones de USD,Propia,regalias_total,555.8596696351467,1.0,1.945408423379476,0.6435373111601088
1999.0,Millones de USD,Propia,regalias_total,555.8596696351467,1.0,1.945408423379476,0.6435373111601088
1999.0,Millones de USD,Propia,renta_empresas,252.78924126751627,1.0,1.945408423379476,0.6435373111601088
1999.0,Millones de USD,Propia,renta_empresas,251.94561291394263,1.0,1.945408423379476,0.6435373111601088
1999.0,Millones de USD,Propia,renta_total,4863.587111949276,1.0,1.945408423379476,0.6435373111601088
1999.0,Millones de USD,Propia,renta_total,4862.743483595703,1.0,1.945408423379476,0.6435373111601088
1999.0,Millones de USD,Propia,subsidios,,1.0,1.945408423379476,0.6435373111601088
1999.0,Millones de USD,Propia,subsidios,,1.0,1.945408423379476,0.6435373111601088
1999.0,Millones de USD,Propia,renta_sobrevaluacion,0.004350501483676948,1.0,1.945408423379476,0.6435373111601088
1999.0,Millones de USD,Propia,renta_sobrevaluacion,0.004350501483676948,1.0,1.945408423379476,0.6435373111601088
1999.0,Millones de USD,Propia,renta_diferencial_precios,4054.93385054513,1.0,1.945408423379476,0.6435373111601088
1999.0,Millones de USD,Propia,renta_diferencial_precios,4054.93385054513,1.0,1.945408423379476,0.6435373111601088
2000.0,Millones de USD,Propia,retenciones,,1.0,1.969548988287749,0.6652031746123727
2000.0,Millones de USD,Propia,retenciones,,1.0,1.969548988287749,0.6652031746123727
2000.0,Millones de USD,Propia,regalias_total,818.7758356204369,1.0,1.969548988287749,0.6652031746123727
2000.0,Millones de USD,Propia,regalias_total,818.7758356204369,1.0,1.969548988287749,0.6652031746123727
2000.0,Millones de USD,Propia,renta_empresas,-779.8124691326168,1.0,1.969548988287749,0.6652031746123727
2000.0,Millones de USD,Propia,renta_empresas,-780.5913376826372,1.0,1.969548988287749,0.6652031746123727
2000.0,Millones de USD,Propia,renta_total,6699.620475005664,1.0,1.969548988287749,0.6652031746123727
2000.0,Millones de USD,Propia,renta_total,6698.841606455644,1.0,1.969548988287749,0.6652031746123727
2000.0,Millones de USD,Propia,subsidios,,1.0,1.969548988287749,0.6652031746123727
2000.0,Millones de USD,Propia,subsidios,,1.0,1.969548988287749,0.6652031746123727
2000.0,Millones de USD,Propia,renta_sobrevaluacion,115.93338368981539,1.0,1.969548988287749,0.6652031746123727
2000.0,Millones de USD,Propia,renta_sobrevaluacion,115.93338368981539,1.0,1.969548988287749,0.6652031746123727
2000.0,Millones de USD,Propia,renta_diferencial_precios,6544.723724828029,1.0,1.969548988287749,0.6652031746123727
2000.0,Millones de USD,Propia,renta_diferencial_precios,6544.723724828029,1.0,1.969548988287749,0.6652031746123727
2001.0,Millones de USD,Propia,retenciones,,1.0,2.07506215718321,0.6839394785190851
2001.0,Millones de USD,Propia,retenciones,,1.0,2.07506215718321,0.6839394785190851
2001.0,Millones de USD,Propia,regalias_total,656.0238470861281,1.0,2.07506215718321,0.6839394785190851
2001.0,Millones de USD,Propia,regalias_total,656.0238470861281,1.0,2.07506215718321,0.6839394785190851
2001.0,Millones de USD,Propia,renta_empresas,-865.6819315864265,1.0,2.07506215718321,0.6839394785190851
2001.0,Millones de USD,Propia,renta_empresas,-866.357325724972,1.0,2.07506215718321,0.6839394785190851
2001.0,Millones de USD,Propia,renta_total,5989.116451776446,1.0,2.07506215718321,0.6839394785190851
2001.0,Millones de USD,Propia,renta_total,5988.441057637901,1.0,2.07506215718321,0.6839394785190851
2001.0,Millones de USD,Propia,subsidios,,1.0,2.07506215718321,0.6839394785190851
2001.0,Millones de USD,Propia,subsidios,,1.0,2.07506215718321,0.6839394785190851
2001.0,Millones de USD,Propia,renta_sobrevaluacion,2040.1639705825605,1.0,2.07506215718321,0.6839394785190851
2001.0,Millones de USD,Propia,renta_sobrevaluacion,2040.1639705825605,1.0,2.07506215718321,0.6839394785190851
2001.0,Millones de USD,Propia,renta_diferencial_precios,4158.6105656941845,1.0,2.07506215718321,0.6839394785190851
2001.0,Millones de USD,Propia,renta_diferencial_precios,4158.6105656941845,1.0,2.07506215718321,0.6839394785190851
2002.0,Millones de USD,Propia,retenciones,494.26473544764366,3.14,3.101870690383393,0.6948528926503146
2002.0,Millones de USD,Propia,retenciones,494.26473544764366,3.14,3.101870690383393,0.6948528926503146
2002.0,Millones de USD,Propia,regalias_total,1384.2089552238572,3.14,3.101870690383393,0.6948528926503146
2002.0,Millones de USD,Propia,regalias_total,1384.2089552238572,3.14,3.101870690383393,0.6948528926503146
2002.0,Millones de USD,Propia,renta_empresas,1811.3631237264187,3.14,3.101870690383393,0.6948528926503146
2002.0,Millones de USD,Propia,renta_empresas,1811.060270002228,3.14,3.101870690383393,0.6948528926503146
2002.0,Millones de USD,Propia,renta_total,5733.161965031433,3.14,3.101870690383393,0.6948528926503146
2002.0,Millones de USD,Propia,renta_total,5732.8591113072425,3.14,3.101870690383393,0.6948528926503146
2002.0,Millones de USD,Propia,subsidios,,3.14,3.101870690383393,0.6948528926503146
2002.0,Millones de USD,Propia,subsidios,,3.14,3.101870690383393,0.6948528926503146
2002.0,Millones de USD,Propia,renta_sobrevaluacion,-46.090800550814365,3.14,3.101870690383393,0.6948528926503146
2002.0,Millones de USD,Propia,renta_sobrevaluacion,-46.090800550814365,3.14,3.101870690383393,0.6948528926503146
2002.0,Millones de USD,Propia,renta_diferencial_precios,2089.4159511843272,3.14,3.101870690383393,0.6948528926503146
2002.0,Millones de USD,Propia,renta_diferencial_precios,2089.4159511843272,3.14,3.101870690383393,0.6948528926503146
2003.0,Millones de USD,Propia,retenciones,518.722884571404,2.93,3.575691739551415,0.710820601821671
2003.0,Millones de USD,Propia,retenciones,518.722884571404,2.93,3.575691739551415,0.710820601821671
2003.0,Millones de USD,Propia,regalias_total,1299.6903699024635,2.93,3.575691739551415,0.710820601821671
2003.0,Millones de USD,Propia,regalias_total,1299.6903699024635,2.93,3.575691739551415,0.710820601821671
2003.0,Millones de USD,Propia,renta_empresas,1864.1220324575531,2.93,3.575691739551415,0.710820601821671
2003.0,Millones de USD,Propia,renta_empresas,1863.7544404873183,2.93,3.575691739551415,0.710820601821671
2003.0,Millones de USD,Propia,renta_total,7401.856507051983,2.93,3.575691739551415,0.710820601821671
2003.0,Millones de USD,Propia,renta_total,7401.488915081748,2.93,3.575691739551415,0.710820601821671
2003.0,Millones de USD,Propia,subsidios,,2.93,3.575691739551415,0.710820601821671
2003.0,Millones de USD,Propia,subsidios,,2.93,3.575691739551415,0.710820601821671
2003.0,Millones de USD,Propia,renta_sobrevaluacion,677.1811591522148,2.93,3.575691739551415,0.710820601821671
2003.0,Millones de USD,Propia,renta_sobrevaluacion,677.1811591522148,2.93,3.575691739551415,0.710820601821671
2003.0,Millones de USD,Propia,renta_diferencial_precios,3042.1400609683483,2.93,3.575691739551415,0.710820601821671
2003.0,Millones de USD,Propia,renta_diferencial_precios,3042.1400609683483,2.93,3.575691739551415,0.710820601821671
2004.0,Millones de USD,Propia,retenciones,729.2371783687781,2.93,3.476419712823161,0.7297822564626566
2004.0,Millones de USD,Propia,regalias_total,1606.366120491926,2.93,3.476419712823161,0.7297822564626566
2004.0,Millones de USD,Propia,renta_empresas,3210.1050333622056,2.93,3.476419712823161,0.7297822564626566
2004.0,Millones de USD,Propia,renta_total,11806.670337634627,2.93,3.476419712823161,0.7297822564626566
2004.0,Millones de USD,Propia,subsidios,,2.93,3.476419712823161,0.7297822564626566
2004.0,Millones de USD,Propia,renta_sobrevaluacion,601.4573901542325,2.93,3.476419712823161,0.7297822564626566
2004.0,Millones de USD,Propia,renta_diferencial_precios,5659.504615257485,2.93,3.476419712823161,0.7297822564626566
2005.0,Millones de USD,Propia,retenciones,999.9971258863972,2.928416666666667,3.913969455049009,0.7543454864984326
2005.0,Millones de USD,Propia,regalias_total,1672.888635395185,2.928416666666667,3.913969455049009,0.7543454864984326
2005.0,Millones de USD,Propia,renta_empresas,3164.0059224118118,2.928416666666667,3.913969455049009,0.7543454864984326
2005.0,Millones de USD,Propia,renta_total,16044.101577653988,2.928416666666667,3.913969455049009,0.7543454864984326
2005.0,Millones de USD,Propia,subsidios,0.0,2.928416666666667,3.913969455049009,0.7543454864984326
2005.0,Millones de USD,Propia,renta_sobrevaluacion,1072.4255363817604,2.928416666666667,3.913969455049009,0.7543454864984326
2005.0,Millones de USD,Propia,renta_diferencial_precios,9134.784357578837,2.928416666666667,3.913969455049009,0.7543454864984326
2006.0,Millones de USD,Propia,retenciones,1103.2339061990147,3.07775,4.120995359841515,0.7786511728378964
2006.0,Millones de USD,Propia,regalias_total,1962.7566848675856,3.07775,4.120995359841515,0.7786511728378964
2006.0,Millones de USD,Propia,renta_empresas,4752.452272547946,3.07775,4.120995359841515,0.7786511728378964
2006.0,Millones de USD,Propia,renta_total,21158.863658234834,3.07775,4.120995359841515,0.7786511728378964
2006.0,Millones de USD,Propia,subsidios,0.0,3.07775,4.120995359841515,0.7786511728378964
2006.0,Millones de USD,Propia,renta_sobrevaluacion,721.4929770519843,3.07775,4.120995359841515,0.7786511728378964
2006.0,Millones de USD,Propia,renta_diferencial_precios,12618.927817568296,3.07775,4.120995359841515,0.7786511728378964
2007.0,Millones de USD,Propia,retenciones,897.8395576296347,3.119166666666667,4.572715840632663,0.8010027463815915
2007.0,Millones de USD,Propia,regalias_total,1786.3552328467651,3.119166666666667,4.572715840632663,0.8010027463815915
2007.0,Millones de USD,Propia,renta_empresas,3444.211932029148,3.119166666666667,4.572715840632663,0.8010027463815915
2007.0,Millones de USD,Propia,renta_total,18228.043328027692,3.119166666666667,4.572715840632663,0.8010027463815915
2007.0,Millones de USD,Propia,subsidios,0.0,3.119166666666667,4.572715840632663,0.8010027463815915
2007.0,Millones de USD,Propia,renta_sobrevaluacion,551.6299430280578,3.119166666666667,4.572715840632663,0.8010027463815915
2007.0,Millones de USD,Propia,renta_diferencial_precios,11548.00666249409,3.119166666666667,4.572715840632663,0.8010027463815915
2008.0,Millones de USD,Propia,retenciones,2245.918533647935,3.183166666666667,5.592039744778452,0.8315606278786544
2008.0,Millones de USD,Propia,regalias_total,1673.713002492216,3.183166666666667,5.592039744778452,0.8315606278786544
2008.0,Millones de USD,Propia,renta_empresas,2834.450269604244,3.183166666666667,5.592039744778452,0.8315606278786544
2008.0,Millones de USD,Propia,renta_total,25289.20161951944,3.183166666666667,5.592039744778452,0.8315606278786544
2008.0,Millones de USD,Propia,subsidios,0.0,3.183166666666667,5.592039744778452,0.8315606278786544
2008.0,Millones de USD,Propia,renta_sobrevaluacion,938.1264694288924,3.183166666666667,5.592039744778452,0.8315606278786544
2008.0,Millones de USD,Propia,renta_diferencial_precios,17596.993344346163,3.183166666666667,5.592039744778452,0.8315606278786544
2009.0,Millones de USD,Propia,retenciones,1594.335406639655,3.75,6.96022588383259,0.828896660269925
2009.0,Millones de USD,Propia,regalias_total,1646.96464779645,3.75,6.96022588383259,0.828896660269925
2009.0,Millones de USD,Propia,renta_empresas,2930.9122516113257,3.75,6.96022588383259,0.828896660269925
2009.0,Millones de USD,Propia,renta_total,17404.415558381046,3.75,6.96022588383259,0.828896660269925
2009.0,Millones de USD,Propia,subsidios,21.630484472733386,3.75,6.96022588383259,0.828896660269925
2009.0,Millones de USD,Propia,renta_sobrevaluacion,1231.7130198614307,3.75,6.96022588383259,0.828896660269925
2009.0,Millones de USD,Propia,renta_diferencial_precios,10022.120716944915,3.75,6.96022588383259,0.828896660269925
2010.0,Millones de USD,Propia,retenciones,1138.3095770957902,3.89,7.66405578636219,0.8424621306139295
2010.0,Millones de USD,Propia,regalias_total,1701.9312291299777,3.89,7.66405578636219,0.8424621306139295
2010.0,Millones de USD,Propia,renta_empresas,2865.9493576729096,3.89,7.66405578636219,0.8424621306139295
2010.0,Millones de USD,Propia,renta_total,23990.894582929825,3.89,7.66405578636219,0.8424621306139295
2010.0,Millones de USD,Propia,subsidios,77.20942146852592,3.89,7.66405578636219,0.8424621306139295
2010.0,Millones de USD,Propia,renta_sobrevaluacion,1470.6904550305405,3.89,7.66405578636219,0.8424621306139295
2010.0,Millones de USD,Propia,renta_diferencial_precios,16891.223385469133,3.89,7.66405578636219,0.8424621306139295
2011.0,Millones de USD,Propia,retenciones,1153.4602349447264,4.11,9.17750726520705,0.8689125120844331
2011.0,Millones de USD,Propia,regalias_total,1620.5543890269626,4.11,9.17750726520705,0.8689125120844331
2011.0,Millones de USD,Propia,renta_empresas,2032.252755817038,4.11,9.17750726520705,0.8689125120844331
2011.0,Millones de USD,Propia,renta_total,30844.89449624327,4.11,9.17750726520705,0.8689125120844331
2011.0,Millones de USD,Propia,subsidios,136.6253384094745,4.11,9.17750726520705,0.8689125120844331
2011.0,Millones de USD,Propia,renta_sobrevaluacion,1418.8105380853822,4.11,9.17750726520705,0.8689125120844331
2011.0,Millones de USD,Propia,renta_diferencial_precios,24756.44191677864,4.11,9.17750726520705,0.8689125120844331
2012.0,Millones de USD,Propia,retenciones,1044.1853195670324,4.552518519,12.13401732884997,0.8869267278526103
2012.0,Millones de USD,Propia,regalias_total,1423.2635786974583,4.552518519,12.13401732884997,0.8869267278526103
2012.0,Millones de USD,Propia,renta_empresas,1237.3123953128115,4.552518519,12.13401732884997,0.8869267278526103
2012.0,Millones de USD,Propia,renta_total,33202.90752358758,4.552518519,12.13401732884997,0.8869267278526103
2012.0,Millones de USD,Propia,subsidios,588.2737855725468,4.552518519,12.13401732884997,0.8869267278526103
2012.0,Millones de USD,Propia,renta_sobrevaluacion,1790.4520476362545,4.552518519,12.13401732884997,0.8869267278526103
2012.0,Millones de USD,Propia,renta_diferencial_precios,28295.967967946573,4.552518519,12.13401732884997,0.8869267278526103
2013.0,Millones de USD,Propia,retenciones,583.0716580346319,5.49,14.84157193157559,0.8999288213609317
2013.0,Millones de USD,Propia,regalias_total,1455.8112791760352,5.49,14.84157193157559,0.8999288213609317
2013.0,Millones de USD,Propia,renta_empresas,18.09019402712439,5.49,14.84157193157559,0.8999288213609317
2013.0,Millones de USD,Propia,renta_total,33768.51842309175,5.49,14.84157193157559,0.8999288213609317
2013.0,Millones de USD,Propia,subsidios,752.0706776759143,5.49,14.84157193157559,0.8999288213609317
2013.0,Millones de USD,Propia,renta_sobrevaluacion,1061.7164128668137,5.49,14.84157193157559,0.8999288213609317
2013.0,Millones de USD,Propia,renta_diferencial_precios,31401.89955666306,5.49,14.84157193157559,0.8999288213609317
2014.0,Millones de USD,Propia,retenciones,399.0399561647356,8.1236,21.34231847897062,0.914466841088135
2014.0,Millones de USD,Propia,regalias_total,2024.9345811091755,8.1236,21.34231847897062,0.914466841088135
2014.0,Millones de USD,Propia,renta_empresas,1345.985035388255,8.1236,21.34231847897062,0.914466841088135
2014.0,Millones de USD,Propia,renta_total,32645.02391117617,8.1236,21.34231847897062,0.914466841088135
2014.0,Millones de USD,Propia,subsidios,586.5557416763552,8.1236,21.34231847897062,0.914466841088135
2014.0,Millones de USD,Propia,renta_sobrevaluacion,1060.8372290850446,8.1236,21.34231847897062,0.914466841088135
2014.0,Millones de USD,Propia,renta_diferencial_precios,28400.78285110532,8.1236,21.34231847897062,0.914466841088135
2015.0,Millones de USD,Propia,retenciones,27.58637471969051,9.43,25.48181551080215,0.9155746009118979
2015.0,Millones de USD,Propia,regalias_total,2193.2106559527315,9.43,25.48181551080215,0.9155746009118979
2015.0,Millones de USD,Propia,renta_empresas,-110.44271618231986,9.43,25.48181551080215,0.9155746009118979
2015.0,Millones de USD,Propia,renta_total,19224.721422873023,9.43,25.48181551080215,0.9155746009118979
2015.0,Millones de USD,Propia,subsidios,1531.3456924542008,9.43,25.48181551080215,0.9155746009118979
2015.0,Millones de USD,Propia,renta_sobrevaluacion,688.9532461402783,9.43,25.48181551080215,0.9155746009118979
2015.0,Millones de USD,Propia,renta_diferencial_precios,17956.759554696848,9.43,25.48181551080215,0.9155746009118979
2016.0,Millones de USD,Propia,retenciones,,14.77744618867244,36.58219323265958,0.927178232149244
2016.0,Millones de USD,Propia,regalias_total,4270.464017200288,14.77744618867244,36.58219323265958,0.927178232149244
2016.0,Millones de USD,Propia,renta_empresas,-946.3639970736292,14.77744618867244,36.58219323265958,0.927178232149244
2016.0,Millones de USD,Propia,renta_total,13117.398419248451,14.77744618867244,36.58219323265958,0.927178232149244
2016.0,Millones de USD,Propia,subsidios,654.9882400692431,14.77744618867244,36.58219323265958,0.927178232149244
2016.0,Millones de USD,Propia,renta_sobrevaluacion,697.9134746695322,14.77744618867244,36.58219323265958,0.927178232149244
2016.0,Millones de USD,Propia,renta_diferencial_precios,9750.373164521505,14.77744618867244,36.58219323265958,0.927178232149244
2017.0,Millones de USD,Propia,retenciones,,16.55671666666666,47.31066691847749,0.9469405257561403
2017.0,Millones de USD,Propia,regalias_total,4554.419576210835,16.55671666666666,47.31066691847749,0.9469405257561403
2017.0,Millones de USD,Propia,renta_empresas,2535.7496989216374,16.55671666666666,47.31066691847749,0.9469405257561403
2017.0,Millones de USD,Propia,renta_total,18640.661682123136,16.55671666666666,47.31066691847749,0.9469405257561403
2017.0,Millones de USD,Propia,subsidios,475.8989382436748,16.55671666666666,47.31066691847749,0.9469405257561403
2017.0,Millones de USD,Propia,renta_sobrevaluacion,395.374308608401,16.55671666666666,47.31066691847749,0.9469405257561403
2017.0,Millones de USD,Propia,renta_diferencial_precios,11631.017036625939,16.55671666666666,47.31066691847749,0.9469405257561403
2018.0,Millones de USD,Propia,retenciones,,28.11243034511785,63.43351939285051,0.9700364005821775
2018.0,Millones de USD,Propia,regalias_total,10130.331305860915,28.11243034511785,63.43351939285051,0.9700364005821775
2018.0,Millones de USD,Propia,renta_empresas,3406.41709528201,28.11243034511785,63.43351939285051,0.9700364005821775
2018.0,Millones de USD,Propia,renta_total,26482.443136332367,28.11243034511785,63.43351939285051,0.9700364005821775
2018.0,Millones de USD,Propia,subsidios,472.68178119252457,28.11243034511785,63.43351939285051,0.9700364005821775
2018.0,Millones de USD,Propia,renta_sobrevaluacion,824.0429271276627,28.11243034511785,63.43351939285051,0.9700364005821775
2018.0,Millones de USD,Propia,renta_diferencial_precios,12594.333589254302,28.11243034511785,63.43351939285051,0.9700364005821775
2019.0,Millones de USD,Propia,retenciones,,48.25485833333334,96.3767044113364,0.9876256692514397
2019.0,Millones de USD,Propia,regalias_total,15579.81479896021,48.25485833333334,96.3767044113364,0.9876256692514397
2019.0,Millones de USD,Propia,renta_empresas,,48.25485833333334,96.3767044113364,0.9876256692514397
2019.0,Millones de USD,Propia,renta_total,29456.688608382374,48.25485833333334,96.3767044113364,0.9876256692514397
2019.0,Millones de USD,Propia,subsidios,67.59715615961352,48.25485833333334,96.3767044113364,0.9876256692514397
2019.0,Millones de USD,Propia,renta_sobrevaluacion,661.4974254964244,48.25485833333334,96.3767044113364,0.9876256692514397
2019.0,Millones de USD,Propia,renta_diferencial_precios,13282.97354008535,48.25485833333334,96.3767044113364,0.9876256692514397
2020.0,Millones de USD,Propia,retenciones,,70.63476524170274,155.1537195126539,1.0
2020.0,Millones de USD,Propia,regalias_total,13550.816781226991,70.63476524170274,155.1537195126539,1.0
2020.0,Millones de USD,Propia,renta_empresas,,70.63476524170274,155.1537195126539,1.0
2020.0,Millones de USD,Propia,renta_total,19351.156157383295,70.63476524170274,155.1537195126539,1.0
2020.0,Millones de USD,Propia,subsidios,,70.63476524170274,155.1537195126539,1.0
2020.0,Millones de USD,Propia,renta_sobrevaluacion,269.2131655449186,70.63476524170274,155.1537195126539,1.0
2020.0,Millones de USD,Propia,renta_diferencial_precios,5531.1262106113845,70.63476524170274,155.1537195126539,1.0
2021.0,Millones de USD,Propia,retenciones,,95.09325,183.2544403613368,1.0468124299601869
2021.0,Millones de USD,Propia,regalias_total,26718.82876687561,95.09325,183.2544403613368,1.0468124299601869
2021.0,Millones de USD,Propia,renta_empresas,,95.09325,183.2544403613368,1.0468124299601869
2021.0,Millones de USD,Propia,renta_total,34216.4661564616,95.09325,183.2544403613368,1.0468124299601869
2021.0,Millones de USD,Propia,subsidios,,95.09325,183.2544403613368,1.0468124299601869
2021.0,Millones de USD,Propia,renta_sobrevaluacion,0.0,95.09325,183.2544403613368,1.0468124299601869
2021.0,Millones de USD,Propia,renta_diferencial_precios,7497.637389585986,95.09325,183.2544403613368,1.0468124299601869
2022.0,Millones de USD,Propia,retenciones,,130.811639,321.6995633231077,1.1304613348039079
2022.0,Millones de USD,Propia,regalias_total,33552.51855270035,130.811639,321.6995633231077,1.1304613348039079
2022.0,Millones de USD,Propia,renta_empresas,,130.811639,321.6995633231077,1.1304613348039079
2022.0,Millones de USD,Propia,renta_total,43865.483054738375,130.811639,321.6995633231077,1.1304613348039079
2022.0,Millones de USD,Propia,subsidios,,130.811639,321.6995633231077,1.1304613348039079
2022.0,Millones de USD,Propia,renta_sobrevaluacion,0.0,130.811639,321.6995633231077,1.1304613348039079
2022.0,Millones de USD,Propia,renta_diferencial_precios,10312.964502038032,130.811639,321.6995633231077,1.1304613348039079
2023.0,Millones de USD,Propia,retenciones,,295.294897119341,694.730244073937,1.1771150534612425
2023.0,Millones de USD,Propia,regalias_total,77659.29753109458,295.294897119341,694.730244073937,1.1771150534612425
2023.0,Millones de USD,Propia,renta_empresas,,295.294897119341,694.730244073937,1.1771150534612425
2023.0,Millones de USD,Propia,renta_total,87803.8129910349,295.294897119341,694.730244073937,1.1771150534612425
2023.0,Millones de USD,Propia,subsidios,,295.294897119341,694.730244073937,1.1771150534612425
2023.0,Millones de USD,Propia,renta_sobrevaluacion,0.0,295.294897119341,694.730244073937,1.1771150534612425
2023.0,Millones de USD,Propia,renta_diferencial_precios,10144.515459940316,295.294897119341,694.730244073937,1.1771150534612425
2024.0,Millones de USD,Propia,retenciones,,959.272352941177,2393.116154794713,1.2118647805454068
2024.0,Millones de USD,Propia,regalias_total,204213.1092631811,959.272352941177,2393.116154794713,1.2118647805454068
2024.0,Millones de USD,Propia,renta_empresas,,959.272352941177,2393.116154794713,1.2118647805454068
2024.0,Millones de USD,Propia,renta_total,215479.44834193154,959.272352941177,2393.116154794713,1.2118647805454068
2024.0,Millones de USD,Propia,subsidios,,959.272352941177,2393.116154794713,1.2118647805454068
2024.0,Millones de USD,Propia,renta_sobrevaluacion,0.0,959.272352941177,2393.116154794713,1.2118647805454068
2024.0,Millones de USD,Propia,renta_diferencial_precios,11266.339078750418,959.272352941177,2393.116154794713,1.2118647805454068
2025.0,Millones de USD,Propia,retenciones,,1122.168145,2613.39,1.2437889020850768
2025.0,Millones de USD,Propia,regalias_total,,1122.168145,2613.39,1.2437889020850768
2025.0,Millones de USD,Propia,renta_empresas,,1122.168145,2613.39,1.2437889020850768
2025.0,Millones de USD,Propia,renta_total,,1122.168145,2613.39,1.2437889020850768
2025.0,Millones de USD,Propia,subsidios,,1122.168145,2613.39,1.2437889020850768
2025.0,Millones de USD,Propia,renta_sobrevaluacion,0.0,1122.168145,2613.39,1.2437889020850768
2025.0,Millones de USD,Propia,renta_diferencial_precios,0.0,1122.168145,2613.39,1.2437889020850768
2010.0,Millones de USD,Ramon,regalias,1061.8659176379483,3.89,7.66405578636219,0.8424621306139295
2010.0,Millones de USD,Ramon,renta_consumidores,36.93184723472694,3.89,7.66405578636219,0.8424621306139295
2010.0,Millones de USD,Ramon,renta_empresas,4141.427698067096,3.89,7.66405578636219,0.8424621306139295
2010.0,Millones de USD,Ramon,renta_estado_total,2342.4310285255847,3.89,7.66405578636219,0.8424621306139295
2010.0,Millones de USD,Ramon,renta_refinadoras,2414.125805376034,3.89,7.66405578636219,0.8424621306139295
2010.0,Millones de USD,Ramon,renta_sobrevaluacion,68.07991415210675,3.89,7.66405578636219,0.8424621306139295
2010.0,Millones de USD,Ramon,renta_total,8934.735636068524,3.89,7.66405578636219,0.8424621306139295
2010.0,Millones de USD,Ramon,retenciones,1641.1476650472462,3.89,7.66405578636219,0.8424621306139295
2011.0,Millones de USD,Ramon,regalias,989.30259981103,4.11,9.17750726520705,0.8689125120844331
2011.0,Millones de USD,Ramon,renta_consumidores,933.2790558675765,4.11,9.17750726520705,0.8689125120844331
2011.0,Millones de USD,Ramon,renta_empresas,1534.333857586578,4.11,9.17750726520705,0.8689125120844331
2011.0,Millones de USD,Ramon,renta_estado_total,3143.4001334969903,4.11,9.17750726520705,0.8689125120844331
2011.0,Millones de USD,Ramon,renta_refinadoras,2891.3714951497154,4.11,9.17750726520705,0.8689125120844331
2011.0,Millones de USD,Ramon,renta_sobrevaluacion,24.223611456691017,4.11,9.17750726520705,0.8689125120844331
2011.0,Millones de USD,Ramon,renta_total,8502.487621298547,4.11,9.17750726520705,0.8689125120844331
2011.0,Millones de USD,Ramon,retenciones,2193.0099308131976,4.11,9.17750726520705,0.8689125120844331
2012.0,Millones de USD,Ramon,regalias,895.5301782024881,4.552518519,12.13401732884997,0.8869267278526103
2012.0,Millones de USD,Ramon,renta_consumidores,104.99319330649858,4.552518519,12.13401732884997,0.8869267278526103
2012.0,Millones de USD,Ramon,renta_empresas,1106.616412932314,4.552518519,12.13401732884997,0.8869267278526103
2012.0,Millones de USD,Ramon,renta_estado_total,2931.5182498550976,4.552518519,12.13401732884997,0.8869267278526103
2012.0,Millones de USD,Ramon,renta_refinadoras,2527.95859468024,4.552518519,12.13401732884997,0.8869267278526103
2012.0,Millones de USD,Ramon,renta_sobrevaluacion,75.72031265859489,4.552518519,12.13401732884997,0.8869267278526103
2012.0,Millones de USD,Ramon,renta_total,6670.578828566383,4.552518519,12.13401732884997,0.8869267278526103
2012.0,Millones de USD,Ramon,retenciones,1960.6907775004877,4.552518519,12.13401732884997,0.8869267278526103
2013.0,Millones de USD,Ramon,regalias,831.4109820236733,5.49,14.84157193157559,0.8999288213609317
2013.0,Millones de USD,Ramon,renta_consumidores,35.63718403196345,5.49,14.84157193157559,0.8999288213609317
2013.0,Millones de USD,Ramon,renta_empresas,3300.241644667065,5.49,14.84157193157559,0.8999288213609317
2013.0,Millones de USD,Ramon,renta_estado_total,490.7819807862095,5.49,14.84157193157559,0.8999288213609317
2013.0,Millones de USD,Ramon,renta_refinadoras,2347.8615362234746,5.49,14.84157193157559,0.8999288213609317
2013.0,Millones de USD,Ramon,renta_sobrevaluacion,46.0365007102642,5.49,14.84157193157559,0.8999288213609317
2013.0,Millones de USD,Ramon,renta_total,6548.692226035084,5.49,14.84157193157559,0.8999288213609317
2013.0,Millones de USD,Ramon,retenciones,790.4302755878398,5.49,14.84157193157559,0.8999288213609317
2014.0,Millones de USD,Ramon,regalias,885.6239766248718,8.1236,21.34231847897062,0.914466841088135
2014.0,Millones de USD,Ramon,renta_consumidores,22.892944829801174,8.1236,21.34231847897062,0.914466841088135
2014.0,Millones de USD,Ramon,renta_empresas,3594.1923382787836,8.1236,21.34231847897062,0.914466841088135
2014.0,Millones de USD,Ramon,renta_estado_total,192.71697193087167,8.1236,21.34231847897062,0.914466841088135
2014.0,Millones de USD,Ramon,renta_refinadoras,1316.552445393838,8.1236,21.34231847897062,0.914466841088135
2014.0,Millones de USD,Ramon,renta_sobrevaluacion,94.06919148245572,8.1236,21.34231847897062,0.914466841088135
2014.0,Millones de USD,Ramon,renta_total,6172.770396835479,8.1236,21.34231847897062,0.914466841088135
2014.0,Millones de USD,Ramon,retenciones,543.6033808676424,8.1236,21.34231847897062,0.914466841088135
2015.0,Millones de USD,Ramon,regalias,825.5619240117321,9.43,25.48181551080215,0.9155746009118979
2015.0,Millones de USD,Ramon,renta_consumidores,0.0,9.43,25.48181551080215,0.9155746009118979
2015.0,Millones de USD,Ramon,renta_empresas,1652.3364236768477,9.43,25.48181551080215,0.9155746009118979
2015.0,Millones de USD,Ramon,renta_estado_total,58.20363136239386,9.43,25.48181551080215,0.9155746009118979
2015.0,Millones de USD,Ramon,renta_refinadoras,0.0,9.43,25.48181551080215,0.9155746009118979
2015.0,Millones de USD,Ramon,renta_sobrevaluacion,51.332369326555686,9.43,25.48181551080215,0.9155746009118979
2015.0,Millones de USD,Ramon,renta_total,2377.8608562844656,9.43,25.48181551080215,0.9155746009118979
2015.0,Millones de USD,Ramon,retenciones,0.0,9.43,25.48181551080215,0.9155746009118979
1999.0,Millones de USD,Scheimberg,impuesto_ganancias,259.43675104667733,1.0,1.945408423379476,0.6435373111601088
1999.0,Millones de USD,Scheimberg,ingresos_brutos_sellos,103.67884940227441,1.0,1.945408423379476,0.6435373111601088
1999.0,Millones de USD,Scheimberg,regalias,536.9254435147061,1.0,1.945408423379476,0.6435373111601088
1999.0,Millones de USD,Scheimberg,retenciones,,1.0,1.945408423379476,0.6435373111601088
1999.0,Millones de USD,Scheimberg,renta_empresas,483.1689984856377,1.0,1.945408423379476,0.6435373111601088
1999.0,Millones de USD,Scheimberg,renta_estado_total,900.0410439636577,1.0,1.945408423379476,0.6435373111601088
1999.0,Millones de USD,Scheimberg,subsidio_consumo_total,,1.0,1.945408423379476,0.6435373111601088
1999.0,Millones de USD,Scheimberg,renta_total,1383.449669990287,1.0,1.945408423379476,0.6435373111601088
2003.0,Millones de USD,Scheimberg,impuesto_ganancias,1024.8240380731997,2.93,3.575691739551415,0.710820601821671
2003.0,Millones de USD,Scheimberg,ingresos_brutos_sellos,179.25774794193765,2.93,3.575691739551415,0.710820601821671
2003.0,Millones de USD,Scheimberg,regalias,985.7446962389124,2.93,3.575691739551415,0.710820601821671
2003.0,Millones de USD,Scheimberg,retenciones,427.7977508762255,2.93,3.575691739551415,0.710820601821671
2003.0,Millones de USD,Scheimberg,renta_empresas,1354.7505169219621,2.93,3.575691739551415,0.710820601821671
2003.0,Millones de USD,Scheimberg,renta_estado_total,2617.624233130275,2.93,3.575691739551415,0.710820601821671
2003.0,Millones de USD,Scheimberg,subsidio_consumo_total,2054.1439296317603,2.93,3.575691739551415,0.710820601821671
2003.0,Millones de USD,Scheimberg,renta_total,6026.749236272991,2.93,3.575691739551415,0.710820601821671
2006.0,Millones de USD,Scheimberg,impuesto_ganancias,984.8591686516957,3.07775,4.120995359841515,0.7786511728378964
2006.0,Millones de USD,Scheimberg,ingresos_brutos_sellos,241.89859985776943,3.07775,4.120995359841515,0.7786511728378964
2006.0,Millones de USD,Scheimberg,regalias,1343.0072145949596,3.07775,4.120995359841515,0.7786511728378964
2006.0,Millones de USD,Scheimberg,retenciones,863.04663026178,3.07775,4.120995359841515,0.7786511728378964
2006.0,Millones de USD,Scheimberg,renta_empresas,2693.303998416402,3.07775,4.120995359841515,0.7786511728378964
2006.0,Millones de USD,Scheimberg,renta_estado_total,3432.811613366205,3.07775,4.120995359841515,0.7786511728378964
2006.0,Millones de USD,Scheimberg,subsidio_consumo_total,5710.32241971939,3.07775,4.120995359841515,0.7786511728378964
2006.0,Millones de USD,Scheimberg,renta_total,11836.917608424794,3.07775,4.120995359841515,0.7786511728378964
