anio,sector,variable,unidad,fuente,valor
1997,integrada,KTA,Millones de pesos 2018,Bolsar,35274.79660235221
1997,integrada,activo,Millones de pesos 2018,Bolsar,105392.03829859232
1997,integrada,activo_no_corr,Millones de pesos 2018,Bolsar,0.0
1997,integrada,inventarios,Millones de pesos 2018,Bolsar,661.243483533639
1997,integrada,ppye,Millones de pesos 2018,Bolsar,34613.55311881857
1997,integrada,ppye_neta,Millones de pesos 2018,Bolsar,34613.55311881857
1997,produccion,KTA,Millones de pesos 2018,Bolsar,24974.65772423206
1997,produccion,activo,Millones de pesos 2018,Bolsar,0.0
1997,produccion,activo_no_corr,Millones de pesos 2018,Bolsar,12131.27467867484
1997,produccion,inventarios,Millones de pesos 2018,Bolsar,0.0
1997,produccion,ppye,Millones de pesos 2018,Bolsar,27670.496541715358
1997,produccion,ppye_neta,Millones de pesos 2018,Bolsar,24974.65772423206
1998,distribucion,KTA,Millones de pesos 2018,Bolsar,33677.47359737866
1998,distribucion,activo,Millones de pesos 2018,Bolsar,15037.415263690382
1998,distribucion,activo_no_corr,Millones de pesos 2018,Bolsar,35461.32168365734
1998,distribucion,inventarios,Millones de pesos 2018,Bolsar,0.0
1998,distribucion,ppye,Millones de pesos 2018,Bolsar,33987.298500547964
1998,distribucion,ppye_neta,Millones de pesos 2018,Bolsar,33677.47359737866
1998,integrada,KTA,Millones de pesos 2018,Bolsar,214845.12228962785
1998,integrada,activo,Millones de pesos 2018,Bolsar,116093.77508615797
1998,integrada,activo_no_corr,Millones de pesos 2018,Bolsar,275177.7781508238
1998,integrada,inventarios,Millones de pesos 2018,Bolsar,6753.447302602634
1998,integrada,ppye,Millones de pesos 2018,Bolsar,229844.00316059188
1998,integrada,ppye_neta,Millones de pesos 2018,Bolsar,207416.51025269506
1998,produccion,KTA,Millones de pesos 2018,Bolsar,25199.43023359192
1998,produccion,activo,Millones de pesos 2018,Bolsar,0.0
1998,produccion,activo_no_corr,Millones de pesos 2018,Bolsar,30617.30773381418
1998,produccion,inventarios,Millones de pesos 2018,Bolsar,0.0
1998,produccion,ppye,Millones de pesos 2018,Bolsar,225106.51027667662
1998,produccion,ppye_neta,Millones de pesos 2018,Bolsar,25199.43023359192
1998,transporte,KTA,Millones de pesos 2018,Bolsar,68921.1220734902
1998,transporte,activo,Millones de pesos 2018,Bolsar,0.0
1998,transporte,activo_no_corr,Millones de pesos 2018,Bolsar,74133.52341958776
1998,transporte,inventarios,Millones de pesos 2018,Bolsar,0.0
1998,transporte,ppye,Millones de pesos 2018,Bolsar,72790.54498471871
1998,transporte,ppye_neta,Millones de pesos 2018,Bolsar,68921.1220734902
1999,distribucion,KTA,Millones de pesos 2018,Bolsar,32946.18757364519
1999,distribucion,activo,Millones de pesos 2018,Bolsar,15076.287942466768
1999,distribucion,activo_no_corr,Millones de pesos 2018,Bolsar,36362.31578418395
1999,distribucion,inventarios,Millones de pesos 2018,Bolsar,0.0
1999,distribucion,ppye,Millones de pesos 2018,Bolsar,34978.16887060885
1999,distribucion,ppye_neta,Millones de pesos 2018,Bolsar,32946.18757364519
1999,integrada,KTA,Millones de pesos 2018,Bolsar,199178.44471646138
1999,integrada,activo,Millones de pesos 2018,Bolsar,111242.9781855374
1999,integrada,activo_no_corr,Millones de pesos 2018,Bolsar,267360.50177711324
1999,integrada,inventarios,Millones de pesos 2018,Bolsar,7037.144620492395
1999,integrada,ppye,Millones de pesos 2018,Bolsar,216468.6877825378
1999,integrada,ppye_neta,Millones de pesos 2018,Bolsar,191379.73739643447
1999,produccion,KTA,Millones de pesos 2018,Bolsar,37329.325284991886
1999,produccion,activo,Millones de pesos 2018,Bolsar,0.0
1999,produccion,activo_no_corr,Millones de pesos 2018,Bolsar,40109.404118833954
1999,produccion,inventarios,Millones de pesos 2018,Bolsar,512.4367122560006
1999,produccion,ppye,Millones de pesos 2018,Bolsar,223668.8850836391
1999,produccion,ppye_neta,Millones de pesos 2018,Bolsar,36752.76262556148
1999,transporte,KTA,Millones de pesos 2018,Bolsar,72984.95502751211
1999,transporte,activo,Millones de pesos 2018,Bolsar,0.0
1999,transporte,activo_no_corr,Millones de pesos 2018,Bolsar,80585.78513086628
1999,transporte,inventarios,Millones de pesos 2018,Bolsar,0.0
1999,transporte,ppye,Millones de pesos 2018,Bolsar,78569.7706815992
1999,transporte,ppye_neta,Millones de pesos 2018,Bolsar,72984.95502751211
2000,distribucion,KTA,Millones de pesos 2018,Bolsar,33910.76288033002
2000,distribucion,activo,Millones de pesos 2018,Bolsar,15822.277528098726
2000,distribucion,activo_no_corr,Millones de pesos 2018,Bolsar,37302.57327397152
2000,distribucion,inventarios,Millones de pesos 2018,Bolsar,0.0
2000,distribucion,ppye,Millones de pesos 2018,Bolsar,35743.435086706246
2000,distribucion,ppye_neta,Millones de pesos 2018,Bolsar,33910.76288033002
2000,integrada,KTA,Millones de pesos 2018,Bolsar,354171.87978729745
2000,integrada,activo,Millones de pesos 2018,Bolsar,308501.5908423441
2000,integrada,activo_no_corr,Millones de pesos 2018,Bolsar,524679.2031804759
2000,integrada,inventarios,Millones de pesos 2018,Bolsar,17450.69903146248
2000,integrada,ppye,Millones de pesos 2018,Bolsar,359489.54774695646
2000,integrada,ppye_neta,Millones de pesos 2018,Bolsar,334626.1624012444
2000,produccion,KTA,Millones de pesos 2018,Bolsar,105069.43357697097
2000,produccion,activo,Millones de pesos 2018,Bolsar,0.0
2000,produccion,activo_no_corr,Millones de pesos 2018,Bolsar,42021.87525312703
2000,produccion,inventarios,Millones de pesos 2018,Bolsar,622.5369579262288
2000,produccion,ppye,Millones de pesos 2018,Bolsar,437628.5273570395
2000,produccion,ppye_neta,Millones de pesos 2018,Bolsar,104359.60722913888
2000,transporte,KTA,Millones de pesos 2018,Bolsar,77171.80421553252
2000,transporte,activo,Millones de pesos 2018,Bolsar,0.0
2000,transporte,activo_no_corr,Millones de pesos 2018,Bolsar,84157.74629682979
2000,transporte,inventarios,Millones de pesos 2018,Bolsar,0.0
2000,transporte,ppye,Millones de pesos 2018,Bolsar,81378.01466748035
2000,transporte,ppye_neta,Millones de pesos 2018,Bolsar,77171.80421553252
2001,distribucion,KTA,Millones de pesos 2018,Bolsar,34206.69784931043
2001,distribucion,activo,Millones de pesos 2018,Bolsar,15901.396142797643
2001,distribucion,activo_no_corr,Millones de pesos 2018,Bolsar,39009.91852570374
2001,distribucion,inventarios,Millones de pesos 2018,Bolsar,17.97681798396632
2001,distribucion,ppye,Millones de pesos 2018,Bolsar,36836.44620229161
2001,distribucion,ppye_neta,Millones de pesos 2018,Bolsar,34187.32892004914
2001,integrada,KTA,Millones de pesos 2018,Bolsar,413615.5472960711
2001,integrada,activo,Millones de pesos 2018,Bolsar,351575.56908150634
2001,integrada,activo_no_corr,Millones de pesos 2018,Bolsar,560611.3614131552
2001,integrada,inventarios,Millones de pesos 2018,Bolsar,15973.612506737081
2001,integrada,ppye,Millones de pesos 2018,Bolsar,428868.08171589696
2001,integrada,ppye_neta,Millones de pesos 2018,Bolsar,395958.2774471309
2001,produccion,KTA,Millones de pesos 2018,Bolsar,105150.86153154426
2001,produccion,activo,Millones de pesos 2018,Bolsar,0.0
2001,produccion,activo_no_corr,Millones de pesos 2018,Bolsar,48778.02735487652
2001,produccion,inventarios,Millones de pesos 2018,Bolsar,978.9431026319373
2001,produccion,ppye,Millones de pesos 2018,Bolsar,494278.4119603414
2001,produccion,ppye_neta,Millones de pesos 2018,Bolsar,104047.40303523108
2001,transporte,KTA,Millones de pesos 2018,Bolsar,83066.03699197638
2001,transporte,activo,Millones de pesos 2018,Bolsar,0.0
2001,transporte,activo_no_corr,Millones de pesos 2018,Bolsar,86999.78622048808
2001,transporte,inventarios,Millones de pesos 2018,Bolsar,0.0
2001,transporte,ppye,Millones de pesos 2018,Bolsar,84484.1503759214
2001,transporte,ppye_neta,Millones de pesos 2018,Bolsar,83066.03699197638
2002,distribucion,KTA,Millones de pesos 2018,Bolsar,58856.85015987248
2002,distribucion,activo,Millones de pesos 2018,Bolsar,24845.752121888927
2002,distribucion,activo_no_corr,Millones de pesos 2018,Bolsar,65642.71565625523
2002,distribucion,inventarios,Millones de pesos 2018,Bolsar,0.0
2002,distribucion,ppye,Millones de pesos 2018,Bolsar,60678.643014360365
2002,distribucion,ppye_neta,Millones de pesos 2018,Bolsar,58856.85015987248
2002,integrada,KTA,Millones de pesos 2018,Bolsar,541690.5449210597
2002,integrada,activo,Millones de pesos 2018,Bolsar,282275.40158946795
2002,integrada,activo_no_corr,Millones de pesos 2018,Bolsar,661115.9841283388
2002,integrada,inventarios,Millones de pesos 2018,Bolsar,20234.869895005428
2002,integrada,ppye,Millones de pesos 2018,Bolsar,575712.0184427795
2002,integrada,ppye_neta,Millones de pesos 2018,Bolsar,520174.6380465798
2002,produccion,KTA,Millones de pesos 2018,Bolsar,94751.20199085854
2002,produccion,activo,Millones de pesos 2018,Bolsar,0.0
2002,produccion,activo_no_corr,Millones de pesos 2018,Bolsar,113097.17299820803
2002,produccion,inventarios,Millones de pesos 2018,Bolsar,2885.1328078692723
2002,produccion,ppye,Millones de pesos 2018,Bolsar,629366.6051685547
2002,produccion,ppye_neta,Millones de pesos 2018,Bolsar,91647.28080823028
2002,transporte,KTA,Millones de pesos 2018,Bolsar,162279.460767761
2002,transporte,activo,Millones de pesos 2018,Bolsar,0.0
2002,transporte,activo_no_corr,Millones de pesos 2018,Bolsar,167104.06141689466
2002,transporte,inventarios,Millones de pesos 2018,Bolsar,0.0
2002,transporte,ppye,Millones de pesos 2018,Bolsar,163360.87918224168
2002,transporte,ppye_neta,Millones de pesos 2018,Bolsar,162279.460767761
2003,distribucion,KTA,Millones de pesos 2018,Bolsar,50884.86587185971
2003,distribucion,activo,Millones de pesos 2018,Bolsar,21850.27224645868
2003,distribucion,activo_no_corr,Millones de pesos 2018,Bolsar,56752.05168149599
2003,distribucion,inventarios,Millones de pesos 2018,Bolsar,0.0
2003,distribucion,ppye,Millones de pesos 2018,Bolsar,52009.39862696833
2003,distribucion,ppye_neta,Millones de pesos 2018,Bolsar,50884.86587185971
2003,integrada,KTA,Millones de pesos 2018,Bolsar,559823.5208879266
2003,integrada,activo,Millones de pesos 2018,Bolsar,294138.414751036
2003,integrada,activo_no_corr,Millones de pesos 2018,Bolsar,651244.0223526406
2003,integrada,inventarios,Millones de pesos 2018,Bolsar,23558.03829739157
2003,integrada,ppye,Millones de pesos 2018,Bolsar,584651.1144044842
2003,integrada,ppye_neta,Millones de pesos 2018,Bolsar,535148.2605344047
2003,produccion,KTA,Millones de pesos 2018,Bolsar,92219.17181917021
2003,produccion,activo,Millones de pesos 2018,Bolsar,0.0
2003,produccion,activo_no_corr,Millones de pesos 2018,Bolsar,94828.68353132567
2003,produccion,inventarios,Millones de pesos 2018,Bolsar,2083.456144921362
2003,produccion,ppye,Millones de pesos 2018,Bolsar,524125.8862213256
2003,produccion,ppye_neta,Millones de pesos 2018,Bolsar,90014.04361618476
2003,transporte,KTA,Millones de pesos 2018,Bolsar,122987.49921212206
2003,transporte,activo,Millones de pesos 2018,Bolsar,0.0
2003,transporte,activo_no_corr,Millones de pesos 2018,Bolsar,131474.9156424239
2003,transporte,inventarios,Millones de pesos 2018,Bolsar,0.0
2003,transporte,ppye,Millones de pesos 2018,Bolsar,124795.32813093133
2003,transporte,ppye_neta,Millones de pesos 2018,Bolsar,122987.49921212206
2004,distribucion,KTA,Millones de pesos 2018,Bolsar,46992.175611617015
2004,distribucion,activo,Millones de pesos 2018,Bolsar,20183.280393037967
2004,distribucion,activo_no_corr,Millones de pesos 2018,Bolsar,52641.9209835667
2004,distribucion,inventarios,Millones de pesos 2018,Bolsar,0.0
2004,distribucion,ppye,Millones de pesos 2018,Bolsar,48380.337457537404
2004,distribucion,ppye_neta,Millones de pesos 2018,Bolsar,46992.175611617015
2004,integrada,KTA,Millones de pesos 2018,Bolsar,536777.3728577163
2004,integrada,activo,Millones de pesos 2018,Bolsar,319092.9320348424
2004,integrada,activo_no_corr,Millones de pesos 2018,Bolsar,627349.9308497123
2004,integrada,inventarios,Millones de pesos 2018,Bolsar,28285.101046015177
2004,integrada,ppye,Millones de pesos 2018,Bolsar,556576.1061472832
2004,integrada,ppye_neta,Millones de pesos 2018,Bolsar,506601.68949349696
2004,produccion,KTA,Millones de pesos 2018,Bolsar,104133.36120006088
2004,produccion,activo,Millones de pesos 2018,Bolsar,0.0
2004,produccion,activo_no_corr,Millones de pesos 2018,Bolsar,94931.15060751562
2004,produccion,inventarios,Millones de pesos 2018,Bolsar,2359.0576934096657
2004,produccion,ppye,Millones de pesos 2018,Bolsar,528871.1375839805
2004,produccion,ppye_neta,Millones de pesos 2018,Bolsar,101630.70624682121
2004,transporte,KTA,Millones de pesos 2018,Bolsar,114266.13724635784
2004,transporte,activo,Millones de pesos 2018,Bolsar,0.0
2004,transporte,activo_no_corr,Millones de pesos 2018,Bolsar,123303.48004349317
2004,transporte,inventarios,Millones de pesos 2018,Bolsar,0.0
2004,transporte,ppye,Millones de pesos 2018,Bolsar,116442.04847426538
2004,transporte,ppye_neta,Millones de pesos 2018,Bolsar,114266.13724635784
2005,distribucion,KTA,Millones de pesos 2018,Bolsar,41063.48495251447
2005,distribucion,activo,Millones de pesos 2018,Bolsar,18724.97480408535
2005,distribucion,activo_no_corr,Millones de pesos 2018,Bolsar,47193.24280281863
2005,distribucion,inventarios,Millones de pesos 2018,Bolsar,0.0
2005,distribucion,ppye,Millones de pesos 2018,Bolsar,43063.97754452297
2005,distribucion,ppye_neta,Millones de pesos 2018,Bolsar,41063.48495251447
2005,integrada,KTA,Millones de pesos 2018,Bolsar,526020.6745199396
2005,integrada,activo,Millones de pesos 2018,Bolsar,300549.55920690193
2005,integrada,activo_no_corr,Millones de pesos 2018,Bolsar,614769.866169098
2005,integrada,inventarios,Millones de pesos 2018,Bolsar,33373.175835682996
2005,integrada,ppye,Millones de pesos 2018,Bolsar,554723.6132229692
2005,integrada,ppye_neta,Millones de pesos 2018,Bolsar,490682.76459979883
2005,produccion,KTA,Millones de pesos 2018,Bolsar,116893.93725722413
2005,produccion,activo,Millones de pesos 2018,Bolsar,0.0
2005,produccion,activo_no_corr,Millones de pesos 2018,Bolsar,96185.88522221077
2005,produccion,inventarios,Millones de pesos 2018,Bolsar,2312.473028911818
2005,produccion,ppye,Millones de pesos 2018,Bolsar,562841.5228632515
2005,produccion,ppye_neta,Millones de pesos 2018,Bolsar,114424.65206824968
2005,transporte,KTA,Millones de pesos 2018,Bolsar,102788.2357137891
2005,transporte,activo,Millones de pesos 2018,Bolsar,0.0
2005,transporte,activo_no_corr,Millones de pesos 2018,Bolsar,111443.29911220486
2005,transporte,inventarios,Millones de pesos 2018,Bolsar,0.0
2005,transporte,ppye,Millones de pesos 2018,Bolsar,104895.44063496194
2005,transporte,ppye_neta,Millones de pesos 2018,Bolsar,102788.2357137891
2006,distribucion,KTA,Millones de pesos 2018,Bolsar,36145.61990234201
2006,distribucion,activo,Millones de pesos 2018,Bolsar,16635.97800029315
2006,distribucion,activo_no_corr,Millones de pesos 2018,Bolsar,40303.827781158594
2006,distribucion,inventarios,Millones de pesos 2018,Bolsar,0.0
2006,distribucion,ppye,Millones de pesos 2018,Bolsar,38291.38888375975
2006,distribucion,ppye_neta,Millones de pesos 2018,Bolsar,36145.61990234201
2006,integrada,KTA,Millones de pesos 2018,Bolsar,448974.4581824082
2006,integrada,activo,Millones de pesos 2018,Bolsar,294033.5760395952
2006,integrada,activo_no_corr,Millones de pesos 2018,Bolsar,568435.2553530365
2006,integrada,inventarios,Millones de pesos 2018,Bolsar,37096.82239554656
2006,integrada,ppye,Millones de pesos 2018,Bolsar,479316.7767935223
2006,integrada,ppye_neta,Millones de pesos 2018,Bolsar,409830.194960162
2006,produccion,KTA,Millones de pesos 2018,Bolsar,135074.1140249314
2006,produccion,activo,Millones de pesos 2018,Bolsar,0.0
2006,produccion,activo_no_corr,Millones de pesos 2018,Bolsar,101265.37023958105
2006,produccion,inventarios,Millones de pesos 2018,Bolsar,2326.150149222024
2006,produccion,ppye,Millones de pesos 2018,Bolsar,562955.9757558049
2006,produccion,ppye_neta,Millones de pesos 2018,Bolsar,132588.99426827006
2006,transporte,KTA,Millones de pesos 2018,Bolsar,91054.45911210559
2006,transporte,activo,Millones de pesos 2018,Bolsar,0.0
2006,transporte,activo_no_corr,Millones de pesos 2018,Bolsar,99119.65272013823
2006,transporte,inventarios,Millones de pesos 2018,Bolsar,0.0
2006,transporte,ppye,Millones de pesos 2018,Bolsar,92921.71367535378
2006,transporte,ppye_neta,Millones de pesos 2018,Bolsar,91054.45911210559
2007,distribucion,KTA,Millones de pesos 2018,Bolsar,31650.902219407973
2007,distribucion,activo,Millones de pesos 2018,Bolsar,14876.083428940427
2007,distribucion,activo_no_corr,Millones de pesos 2018,Bolsar,35536.80216017894
2007,distribucion,inventarios,Millones de pesos 2018,Bolsar,0.0
2007,distribucion,ppye,Millones de pesos 2018,Bolsar,33375.24268776206
2007,distribucion,ppye_neta,Millones de pesos 2018,Bolsar,31650.902219407973
2007,integrada,KTA,Millones de pesos 2018,Bolsar,430780.20775430044
2007,integrada,activo,Millones de pesos 2018,Bolsar,271032.2889242324
2007,integrada,activo_no_corr,Millones de pesos 2018,Bolsar,532838.5407623611
2007,integrada,inventarios,Millones de pesos 2018,Bolsar,45292.6084735958
2007,integrada,ppye,Millones de pesos 2018,Bolsar,457405.8523994995
2007,integrada,ppye_neta,Millones de pesos 2018,Bolsar,382531.5486745862
2007,produccion,KTA,Millones de pesos 2018,Bolsar,149029.70806126116
2007,produccion,activo,Millones de pesos 2018,Bolsar,0.0
2007,produccion,activo_no_corr,Millones de pesos 2018,Bolsar,108503.74190727928
2007,produccion,inventarios,Millones de pesos 2018,Bolsar,2541.157725063834
2007,produccion,ppye,Millones de pesos 2018,Bolsar,519933.5484174539
2007,produccion,ppye_neta,Millones de pesos 2018,Bolsar,146286.73690958525
2007,transporte,KTA,Millones de pesos 2018,Bolsar,78893.39137158716
2007,transporte,activo,Millones de pesos 2018,Bolsar,0.0
2007,transporte,activo_no_corr,Millones de pesos 2018,Bolsar,85701.81333377314
2007,transporte,inventarios,Millones de pesos 2018,Bolsar,0.0
2007,transporte,ppye,Millones de pesos 2018,Bolsar,80796.67079115455
2007,transporte,ppye_neta,Millones de pesos 2018,Bolsar,78893.39137158716
2008,distribucion,KTA,Millones de pesos 2018,Bolsar,25951.95046146144
2008,distribucion,activo,Millones de pesos 2018,Bolsar,12000.386802698416
2008,distribucion,activo_no_corr,Millones de pesos 2018,Bolsar,29231.981842802175
2008,distribucion,inventarios,Millones de pesos 2018,Bolsar,0.0
2008,distribucion,ppye,Millones de pesos 2018,Bolsar,27135.156995179637
2008,distribucion,ppye_neta,Millones de pesos 2018,Bolsar,25951.95046146144
2008,integrada,KTA,Millones de pesos 2018,Bolsar,383094.64452896535
2008,integrada,activo,Millones de pesos 2018,Bolsar,238939.03916372484
2008,integrada,activo_no_corr,Millones de pesos 2018,Bolsar,483134.7164936258
2008,integrada,inventarios,Millones de pesos 2018,Bolsar,51583.34893383432
2008,integrada,ppye,Millones de pesos 2018,Bolsar,400704.83532874624
2008,integrada,ppye_neta,Millones de pesos 2018,Bolsar,328519.1899601548
2008,produccion,KTA,Millones de pesos 2018,Bolsar,133257.53842893333
2008,produccion,activo,Millones de pesos 2018,Bolsar,0.0
2008,produccion,activo_no_corr,Millones de pesos 2018,Bolsar,101076.45985670885
2008,produccion,inventarios,Millones de pesos 2018,Bolsar,2814.5779157478305
2008,produccion,ppye,Millones de pesos 2018,Bolsar,475373.9317994681
2008,produccion,ppye_neta,Millones de pesos 2018,Bolsar,130225.96716796487
2008,transporte,KTA,Millones de pesos 2018,Bolsar,62686.13447155473
2008,transporte,activo,Millones de pesos 2018,Bolsar,0.0
2008,transporte,activo_no_corr,Millones de pesos 2018,Bolsar,68275.2756971673
2008,transporte,inventarios,Millones de pesos 2018,Bolsar,0.0
2008,transporte,ppye,Millones de pesos 2018,Bolsar,65060.71728599552
2008,transporte,ppye_neta,Millones de pesos 2018,Bolsar,62686.13447155473
2009,distribucion,KTA,Millones de pesos 2018,Bolsar,22421.333003758336
2009,distribucion,activo,Millones de pesos 2018,Bolsar,9795.166978179395
2009,distribucion,activo_no_corr,Millones de pesos 2018,Bolsar,26000.508093704822
2009,distribucion,inventarios,Millones de pesos 2018,Bolsar,0.0
2009,distribucion,ppye,Millones de pesos 2018,Bolsar,23847.54750304427
2009,distribucion,ppye_neta,Millones de pesos 2018,Bolsar,22421.333003758336
2009,integrada,KTA,Millones de pesos 2018,Bolsar,336645.1088194282
2009,integrada,activo,Millones de pesos 2018,Bolsar,207975.5520880117
2009,integrada,activo_no_corr,Millones de pesos 2018,Bolsar,238816.44429427883
2009,integrada,inventarios,Millones de pesos 2018,Bolsar,36733.36766723666
2009,integrada,ppye,Millones de pesos 2018,Bolsar,352836.74545417086
2009,integrada,ppye_neta,Millones de pesos 2018,Bolsar,297299.7137394672
2009,produccion,KTA,Millones de pesos 2018,Bolsar,125146.67501954544
2009,produccion,activo,Millones de pesos 2018,Bolsar,0.0
2009,produccion,activo_no_corr,Millones de pesos 2018,Bolsar,108803.56829765755
2009,produccion,inventarios,Millones de pesos 2018,Bolsar,2396.6337501802673
2009,produccion,ppye,Millones de pesos 2018,Bolsar,444656.6497702878
2009,produccion,ppye_neta,Millones de pesos 2018,Bolsar,122552.67770658646
2009,transporte,KTA,Millones de pesos 2018,Bolsar,54239.34463799419
2009,transporte,activo,Millones de pesos 2018,Bolsar,0.0
2009,transporte,activo_no_corr,Millones de pesos 2018,Bolsar,59170.18432155586
2009,transporte,inventarios,Millones de pesos 2018,Bolsar,0.0
2009,transporte,ppye,Millones de pesos 2018,Bolsar,55769.15380231978
2009,transporte,ppye_neta,Millones de pesos 2018,Bolsar,54239.34463799419
2010,distribucion,KTA,Millones de pesos 2018,Bolsar,18157.88517325494
2010,distribucion,activo,Millones de pesos 2018,Bolsar,7981.5730760031565
2010,distribucion,activo_no_corr,Millones de pesos 2018,Bolsar,20973.366654402314
2010,distribucion,inventarios,Millones de pesos 2018,Bolsar,0.0
2010,distribucion,ppye,Millones de pesos 2018,Bolsar,19045.127652570976
2010,distribucion,ppye_neta,Millones de pesos 2018,Bolsar,18157.88517325494
2010,integrada,KTA,Millones de pesos 2018,Bolsar,279368.09399987437
2010,integrada,activo,Millones de pesos 2018,Bolsar,162935.85331691953
2010,integrada,activo_no_corr,Millones de pesos 2018,Bolsar,349167.6891767125
2010,integrada,inventarios,Millones de pesos 2018,Bolsar,35201.7044140469
2010,integrada,ppye,Millones de pesos 2018,Bolsar,303234.3689569596
2010,integrada,ppye_neta,Millones de pesos 2018,Bolsar,241772.78010306647
2010,produccion,KTA,Millones de pesos 2018,Bolsar,186612.92675594272
2010,produccion,activo,Millones de pesos 2018,Bolsar,0.0
2010,produccion,activo_no_corr,Millones de pesos 2018,Bolsar,102046.99912910808
2010,produccion,inventarios,Millones de pesos 2018,Bolsar,1753.9999148752268
2010,produccion,ppye,Millones de pesos 2018,Bolsar,459505.02259735327
2010,produccion,ppye_neta,Millones de pesos 2018,Bolsar,184699.7706280244
2010,transporte,KTA,Millones de pesos 2018,Bolsar,41836.1553981875
2010,transporte,activo,Millones de pesos 2018,Bolsar,0.0
2010,transporte,activo_no_corr,Millones de pesos 2018,Bolsar,47272.968081267965
2010,transporte,inventarios,Millones de pesos 2018,Bolsar,0.0
2010,transporte,ppye,Millones de pesos 2018,Bolsar,43461.41887849421
2010,transporte,ppye_neta,Millones de pesos 2018,Bolsar,41836.1553981875
2011,distribucion,KTA,Millones de pesos 2018,Bolsar,14670.69821726259
2011,distribucion,activo,Millones de pesos 2018,Bolsar,6598.557049620065
2011,distribucion,activo_no_corr,Millones de pesos 2018,Bolsar,17251.060537788082
2011,distribucion,inventarios,Millones de pesos 2018,Bolsar,0.0
2011,distribucion,ppye,Millones de pesos 2018,Bolsar,15575.980970417608
2011,distribucion,ppye_neta,Millones de pesos 2018,Bolsar,14670.69821726259
2011,integrada,KTA,Millones de pesos 2018,Bolsar,254489.66322870206
2011,integrada,activo,Millones de pesos 2018,Bolsar,128152.60414766645
2011,integrada,activo_no_corr,Millones de pesos 2018,Bolsar,368578.91286728263
2011,integrada,inventarios,Millones de pesos 2018,Bolsar,40324.42789959952
2011,integrada,ppye,Millones de pesos 2018,Bolsar,282224.75168721995
2011,integrada,ppye_neta,Millones de pesos 2018,Bolsar,211529.83293548517
2011,produccion,KTA,Millones de pesos 2018,Bolsar,225083.95888644035
2011,produccion,activo,Millones de pesos 2018,Bolsar,0.0
2011,produccion,activo_no_corr,Millones de pesos 2018,Bolsar,97469.96892818908
2011,produccion,inventarios,Millones de pesos 2018,Bolsar,2080.9624489472226
2011,produccion,ppye,Millones de pesos 2018,Bolsar,477748.5151195528
2011,produccion,ppye_neta,Millones de pesos 2018,Bolsar,222801.71286728262
2011,transporte,KTA,Millones de pesos 2018,Bolsar,33033.59676572426
2011,transporte,activo,Millones de pesos 2018,Bolsar,0.0
2011,transporte,activo_no_corr,Millones de pesos 2018,Bolsar,37736.837801102345
2011,transporte,inventarios,Millones de pesos 2018,Bolsar,0.0
2011,transporte,ppye,Millones de pesos 2018,Bolsar,34396.52312166224
2011,transporte,ppye_neta,Millones de pesos 2018,Bolsar,33033.59676572426
2012,distribucion,KTA,Millones de pesos 2018,Bolsar,11891.95411796708
2012,distribucion,activo,Millones de pesos 2018,Bolsar,5192.850983139569
2012,distribucion,activo_no_corr,Millones de pesos 2018,Bolsar,13724.581539125003
2012,distribucion,inventarios,Millones de pesos 2018,Bolsar,0.0
2012,distribucion,ppye,Millones de pesos 2018,Bolsar,12614.178292201372
2012,distribucion,ppye_neta,Millones de pesos 2018,Bolsar,11891.95411796708
2012,integrada,KTA,Millones de pesos 2018,Bolsar,265076.2858540522
2012,integrada,activo,Millones de pesos 2018,Bolsar,88112.98996187864
2012,integrada,activo_no_corr,Millones de pesos 2018,Bolsar,347945.0928488808
2012,integrada,inventarios,Millones de pesos 2018,Bolsar,37144.251352847976
2012,integrada,ppye,Millones de pesos 2018,Bolsar,305994.7634103528
2012,integrada,ppye_neta,Millones de pesos 2018,Bolsar,224511.1690958421
2012,produccion,KTA,Millones de pesos 2018,Bolsar,274455.015071693
2012,produccion,activo,Millones de pesos 2018,Bolsar,0.0
2012,produccion,activo_no_corr,Millones de pesos 2018,Bolsar,138357.07671946925
2012,produccion,inventarios,Millones de pesos 2018,Bolsar,3057.563295753628
2012,produccion,ppye,Millones de pesos 2018,Bolsar,560380.2894784666
2012,produccion,ppye_neta,Millones de pesos 2018,Bolsar,271080.56969064625
2012,transporte,KTA,Millones de pesos 2018,Bolsar,26531.215394625375
2012,transporte,activo,Millones de pesos 2018,Bolsar,0.0
2012,transporte,activo_no_corr,Millones de pesos 2018,Bolsar,29517.454247504364
2012,transporte,inventarios,Millones de pesos 2018,Bolsar,0.0
2012,transporte,ppye,Millones de pesos 2018,Bolsar,27343.494018010886
2012,transporte,ppye_neta,Millones de pesos 2018,Bolsar,26531.215394625375
2013,distribucion,KTA,Millones de pesos 2018,Bolsar,9795.977919043737
2013,distribucion,activo,Millones de pesos 2018,Bolsar,4676.742117635842
2013,distribucion,activo_no_corr,Millones de pesos 2018,Bolsar,10430.13937483219
2013,distribucion,inventarios,Millones de pesos 2018,Bolsar,24.739362371137172
2013,distribucion,ppye,Millones de pesos 2018,Bolsar,10307.181976001324
2013,distribucion,ppye_neta,Millones de pesos 2018,Bolsar,9761.90019235664
2013,integrada,KTA,Millones de pesos 2018,Bolsar,323457.3323107401
2013,integrada,activo,Millones de pesos 2018,Bolsar,77465.53502399461
2013,integrada,activo_no_corr,Millones de pesos 2018,Bolsar,428310.6638104068
2013,integrada,inventarios,Millones de pesos 2018,Bolsar,41554.82707571296
2013,integrada,ppye,Millones de pesos 2018,Bolsar,371858.33282728965
2013,integrada,ppye_neta,Millones de pesos 2018,Bolsar,279354.19091770507
2013,produccion,KTA,Millones de pesos 2018,Bolsar,391502.45911067876
2013,produccion,activo,Millones de pesos 2018,Bolsar,0.0
2013,produccion,activo_no_corr,Millones de pesos 2018,Bolsar,161098.75548921514
2013,produccion,inventarios,Millones de pesos 2018,Bolsar,2513.8609534677576
2013,produccion,ppye,Millones de pesos 2018,Bolsar,731548.3904041897
2013,produccion,ppye_neta,Millones de pesos 2018,Bolsar,388723.8519567587
2013,transporte,KTA,Millones de pesos 2018,Bolsar,20629.422506393472
2013,transporte,activo,Millones de pesos 2018,Bolsar,0.0
2013,transporte,activo_no_corr,Millones de pesos 2018,Bolsar,24502.899772351673
2013,transporte,inventarios,Millones de pesos 2018,Bolsar,0.0
2013,transporte,ppye,Millones de pesos 2018,Bolsar,21393.02726549971
2013,transporte,ppye_neta,Millones de pesos 2018,Bolsar,20629.422506393472
2014,distribucion,KTA,Millones de pesos 2018,Bolsar,6963.8251914817565
2014,distribucion,activo,Millones de pesos 2018,Bolsar,3564.1974370646967
2014,distribucion,activo_no_corr,Millones de pesos 2018,Bolsar,7834.59318475066
2014,distribucion,inventarios,Millones de pesos 2018,Bolsar,9.179812272787537
2014,distribucion,ppye,Millones de pesos 2018,Bolsar,7703.895231504504
2014,distribucion,ppye_neta,Millones de pesos 2018,Bolsar,6951.704108539592
2014,integrada,KTA,Millones de pesos 2018,Bolsar,320313.6966958956
2014,integrada,activo,Millones de pesos 2018,Bolsar,63581.511067526255
2014,integrada,activo_no_corr,Millones de pesos 2018,Bolsar,473642.18069838657
2014,integrada,inventarios,Millones de pesos 2018,Bolsar,38910.88545684564
2014,integrada,ppye,Millones de pesos 2018,Bolsar,413019.58327214135
2014,integrada,ppye_neta,Millones de pesos 2018,Bolsar,279282.93241424294
2014,produccion,KTA,Millones de pesos 2018,Bolsar,341028.00905791536
2014,produccion,activo,Millones de pesos 2018,Bolsar,0.0
2014,produccion,activo_no_corr,Millones de pesos 2018,Bolsar,172736.01746144902
2014,produccion,inventarios,Millones de pesos 2018,Bolsar,2394.195734369849
2014,produccion,ppye,Millones de pesos 2018,Bolsar,730398.8541162106
2014,produccion,ppye_neta,Millones de pesos 2018,Bolsar,338380.5312531613
2014,transporte,KTA,Millones de pesos 2018,Bolsar,14087.36962943216
2014,transporte,activo,Millones de pesos 2018,Bolsar,0.0
2014,transporte,activo_no_corr,Millones de pesos 2018,Bolsar,17566.528991858388
2014,transporte,inventarios,Millones de pesos 2018,Bolsar,0.0
2014,transporte,ppye,Millones de pesos 2018,Bolsar,15246.129136227153
2014,transporte,ppye_neta,Millones de pesos 2018,Bolsar,14087.36962943216
2015,distribucion,KTA,Millones de pesos 2018,Bolsar,5965.462539843205
2015,distribucion,activo,Millones de pesos 2018,Bolsar,3826.0997702600985
2015,distribucion,activo_no_corr,Millones de pesos 2018,Bolsar,6739.728365948931
2015,distribucion,inventarios,Millones de pesos 2018,Bolsar,24.76450377773745
2015,distribucion,ppye,Millones de pesos 2018,Bolsar,6483.217801307617
2015,distribucion,ppye_neta,Millones de pesos 2018,Bolsar,5932.391296383393
2015,integrada,KTA,Millones de pesos 2018,Bolsar,463313.4288918039
2015,integrada,activo,Millones de pesos 2018,Bolsar,59826.785231642985
2015,integrada,activo_no_corr,Millones de pesos 2018,Bolsar,626773.834048275
2015,integrada,inventarios,Millones de pesos 2018,Bolsar,43976.19282174727
2015,integrada,ppye,Millones de pesos 2018,Bolsar,592769.80015609
2015,integrada,ppye_neta,Millones de pesos 2018,Bolsar,415098.82587518456
2015,produccion,KTA,Millones de pesos 2018,Bolsar,329683.61670187337
2015,produccion,activo,Millones de pesos 2018,Bolsar,0.0
2015,produccion,activo_no_corr,Millones de pesos 2018,Bolsar,239684.55116003912
2015,produccion,inventarios,Millones de pesos 2018,Bolsar,322.4584974771742
2015,produccion,ppye,Millones de pesos 2018,Bolsar,861077.607693101
2015,produccion,ppye_neta,Millones de pesos 2018,Bolsar,329283.21070754406
2015,transporte,KTA,Millones de pesos 2018,Bolsar,11140.873338839105
2015,transporte,activo,Millones de pesos 2018,Bolsar,0.0
2015,transporte,activo_no_corr,Millones de pesos 2018,Bolsar,15566.737476109789
2015,transporte,inventarios,Millones de pesos 2018,Bolsar,0.0
2015,transporte,ppye,Millones de pesos 2018,Bolsar,12467.7050664341
2015,transporte,ppye_neta,Millones de pesos 2018,Bolsar,11140.873338839105
2016,distribucion,KTA,Millones de pesos 2018,Bolsar,4599.656128097407
2016,distribucion,activo,Millones de pesos 2018,Bolsar,4961.998765439827
2016,distribucion,activo_no_corr,Millones de pesos 2018,Bolsar,5789.22390372329
2016,distribucion,inventarios,Millones de pesos 2018,Bolsar,29.40590015020204
2016,distribucion,ppye,Millones de pesos 2018,Bolsar,5390.444055154044
2016,distribucion,ppye_neta,Millones de pesos 2018,Bolsar,4563.451931539486
2016,integrada,KTA,Millones de pesos 2018,Bolsar,475096.743698714
2016,integrada,activo,Millones de pesos 2018,Bolsar,53560.21224156681
2016,integrada,activo_no_corr,Millones de pesos 2018,Bolsar,522719.2599270625
2016,integrada,inventarios,Millones de pesos 2018,Bolsar,36551.755838622514
2016,integrada,ppye,Millones de pesos 2018,Bolsar,531085.8696801725
2016,integrada,ppye_neta,Millones de pesos 2018,Bolsar,435267.91518187354
2016,produccion,KTA,Millones de pesos 2018,Bolsar,517571.31720165396
2016,produccion,activo,Millones de pesos 2018,Bolsar,0.0
2016,produccion,activo_no_corr,Millones de pesos 2018,Bolsar,210172.92754017012
2016,produccion,inventarios,Millones de pesos 2018,Bolsar,344.82743854752954
2016,produccion,ppye,Millones de pesos 2018,Bolsar,1017437.292686123
2016,produccion,ppye_neta,Millones de pesos 2018,Bolsar,517136.04248280614
2016,transporte,KTA,Millones de pesos 2018,Bolsar,9334.0141734381
2016,transporte,activo,Millones de pesos 2018,Bolsar,0.0
2016,transporte,activo_no_corr,Millones de pesos 2018,Bolsar,13744.55226429939
2016,transporte,inventarios,Millones de pesos 2018,Bolsar,0.0
2016,transporte,ppye,Millones de pesos 2018,Bolsar,10866.317168232048
2016,transporte,ppye_neta,Millones de pesos 2018,Bolsar,9334.0141734381
2017,distribucion,KTA,Millones de pesos 2018,Bolsar,20019.586721990396
2017,distribucion,activo,Millones de pesos 2018,Bolsar,6504.317190233957
2017,distribucion,activo_no_corr,Millones de pesos 2018,Bolsar,20816.724860452552
2017,distribucion,inventarios,Millones de pesos 2018,Bolsar,52.436413941054155
2017,distribucion,ppye,Millones de pesos 2018,Bolsar,20381.476730997387
2017,distribucion,ppye_neta,Millones de pesos 2018,Bolsar,19955.5940585188
2017,integrada,KTA,Millones de pesos 2018,Bolsar,407310.24790220696
2017,integrada,activo,Millones de pesos 2018,Bolsar,0.0
2017,integrada,activo_no_corr,Millones de pesos 2018,Bolsar,459727.33044983074
2017,integrada,inventarios,Millones de pesos 2018,Bolsar,32722.389482307473
2017,integrada,ppye,Millones de pesos 2018,Bolsar,458780.1065411787
2017,integrada,ppye_neta,Millones de pesos 2018,Bolsar,372842.91767432063
2017,produccion,KTA,Millones de pesos 2018,Bolsar,7081.145109407154
2017,produccion,activo,Millones de pesos 2018,Bolsar,0.0
2017,produccion,activo_no_corr,Millones de pesos 2018,Bolsar,215157.19391504998
2017,produccion,inventarios,Millones de pesos 2018,Bolsar,306.9017454208678
2017,produccion,ppye,Millones de pesos 2018,Bolsar,320019.16349371936
2017,produccion,ppye_neta,Millones de pesos 2018,Bolsar,6700.279443188273
2017,transporte,KTA,Millones de pesos 2018,Bolsar,31509.103566908732
2017,transporte,activo,Millones de pesos 2018,Bolsar,0.0
2017,transporte,activo_no_corr,Millones de pesos 2018,Bolsar,35893.75148230199
2017,transporte,inventarios,Millones de pesos 2018,Bolsar,0.0
2017,transporte,ppye,Millones de pesos 2018,Bolsar,33784.15794088527
2017,transporte,ppye_neta,Millones de pesos 2018,Bolsar,31509.103566908732
2018,distribucion,KTA,Millones de pesos 2018,Bolsar,29071.64617774528
2018,distribucion,activo,Millones de pesos 2018,Bolsar,19666.874804
2018,distribucion,activo_no_corr,Millones de pesos 2018,Bolsar,40790.320440999996
2018,distribucion,inventarios,Millones de pesos 2018,Bolsar,125.565652
2018,distribucion,ppye,Millones de pesos 2018,Bolsar,32385.911247
2018,distribucion,ppye_neta,Millones de pesos 2018,Bolsar,28930.916748
2018,integrada,KTA,Millones de pesos 2018,Bolsar,647094.392852574
2018,integrada,activo,Millones de pesos 2018,Bolsar,0.0
2018,integrada,activo_no_corr,Millones de pesos 2018,Bolsar,785601.0
2018,integrada,inventarios,Millones de pesos 2018,Bolsar,53324.0
2018,integrada,ppye,Millones de pesos 2018,Bolsar,740103.0
2018,integrada,ppye_neta,Millones de pesos 2018,Bolsar,589789.0
2018,produccion,KTA,Millones de pesos 2018,Bolsar,54139.3036905869
2018,produccion,activo,Millones de pesos 2018,Bolsar,0.0
2018,produccion,activo_no_corr,Millones de pesos 2018,Bolsar,475318.445
2018,produccion,inventarios,Millones de pesos 2018,Bolsar,847.572
2018,produccion,ppye,Millones de pesos 2018,Bolsar,542750.893
2018,produccion,ppye_neta,Millones de pesos 2018,Bolsar,53250.446
2018,transporte,KTA,Millones de pesos 2018,Bolsar,65681.206
2018,transporte,activo,Millones de pesos 2018,Bolsar,0.0
2018,transporte,activo_no_corr,Millones de pesos 2018,Bolsar,78107.688
2018,transporte,inventarios,Millones de pesos 2018,Bolsar,0.0
2018,transporte,ppye,Millones de pesos 2018,Bolsar,74244.363
2018,transporte,ppye_neta,Millones de pesos 2018,Bolsar,65681.206
