anio,unidad_cant_crudo,prod_crudo,expo_crudo,precio_crudo_mdoint,precio_me_crudo,unidad_cant_gas,prod_gas,expo_gas,precio_externo_gas,precio_exportacion_gas_ar,precio_gas_mdoint,tcc,tcp,coef_ci,crudo_mdo_interno,gas_mdo_interno,unidad,vbp_tot,vbp_extr,ci_tot,ci_extr,va_tot,va_extr,ms_extr,ms_tot,ebe_tot,ebe_extr,fuente
1922.0,barriles,2861859.0,0.0,,,MMBTU,1306100.0,0.0,,,,,,,2861859.0,1306100.0,Millones de pesos corrientes,,,,,,,,,,,Criterio CCNN
1923.0,barriles,3333594.0,0.0,,,MMBTU,1588500.0,0.0,,,,,,,3333594.0,1588500.0,Millones de pesos corrientes,,,,,,,,,,,Criterio CCNN
1924.0,barriles,4660741.8,0.0,,,MMBTU,2647500.0,0.0,,,,,,,4660741.8,2647500.0,Millones de pesos corrientes,,,,,,,,,,,Criterio CCNN
1925.0,barriles,5987889.6,0.0,,,MMBTU,3388800.0,0.0,,,,,,,5987889.6,3388800.0,Millones de pesos corrientes,,,,,,,,,,,Criterio CCNN
1926.0,barriles,7849670.399999999,0.0,,,MMBTU,6036300.0,0.0,,,,,,,7849670.399999999,6036300.0,Millones de pesos corrientes,,,,,,,,,,,Criterio CCNN
1927.0,barriles,8629605.6,0.0,,,MMBTU,5365600.0,0.0,,,,,,,8629605.6,5365600.0,Millones de pesos corrientes,,,,,,,,,,,Criterio CCNN
1928.0,barriles,9069891.6,0.0,,,MMBTU,6106900.0,0.0,,,,,,,9069891.6,6106900.0,Millones de pesos corrientes,,,,,,,,,,,Criterio CCNN
1929.0,barriles,9390671.399999999,0.0,,,MMBTU,9495700.0,0.0,,,,,,,9390671.399999999,9495700.0,Millones de pesos corrientes,,,,,,,,,,,Criterio CCNN
1930.0,barriles,9000703.799999999,0.0,,,MMBTU,9531000.0,0.0,,,,,,,9000703.799999999,9531000.0,Millones de pesos corrientes,,,,,,,,,,,Criterio CCNN
1931.0,barriles,11705317.799999999,0.0,,,MMBTU,12143200.0,0.0,,,,,,,11705317.799999999,12143200.0,Millones de pesos corrientes,,,,,,,,,,,Criterio CCNN
1932.0,barriles,13139392.2,0.0,,,MMBTU,16732200.0,0.0,,,,,,,13139392.2,16732200.0,Millones de pesos corrientes,,,,,,,,,,,Criterio CCNN
1933.0,barriles,13692894.6,0.0,,,MMBTU,23192100.0,0.0,,,,,,,13692894.6,23192100.0,Millones de pesos corrientes,,,,,,,,,,,Criterio CCNN
1934.0,barriles,14026254.0,0.0,,,MMBTU,25804300.0,0.0,,,,,,,14026254.0,25804300.0,Millones de pesos corrientes,,,,,,,,,,,Criterio CCNN
1935.0,barriles,14296715.399999999,0.0,,,MMBTU,21780100.0,0.0,,,,,,,14296715.399999999,21780100.0,Millones de pesos corrientes,,,,,,,,,,,Criterio CCNN
1936.0,barriles,15460328.399999999,0.0,,,MMBTU,18814900.0,0.0,,,,3.01e-13,2.914449757784314e-13,,15460328.399999999,18814900.0,Millones de pesos corrientes,,,,,,,,,,,Criterio CCNN
1937.0,barriles,16353479.999999998,0.0,,,MMBTU,17826500.0,0.0,,,,3.03e-13,2.846514194602302e-13,,16353479.999999998,17826500.0,Millones de pesos corrientes,,,,,,,,,,,Criterio CCNN
1938.0,barriles,17076807.0,0.0,,,MMBTU,17332300.0,0.0,,,,3.07e-13,2.617783164912612e-13,,17076807.0,17332300.0,Millones de pesos corrientes,,,,,,,,,,,Criterio CCNN
1939.0,barriles,18611518.2,0.0,,,MMBTU,18285400.0,0.0,,,,3.27e-13,2.866002299343679e-13,,18611518.2,18285400.0,Millones de pesos corrientes,,,,,,,,,,,Criterio CCNN
1940.0,barriles,20605384.799999997,0.0,,,MMBTU,18920800.0,0.0,,,,3.36e-13,3.2888235637377236e-13,,20605384.799999997,18920800.0,Millones de pesos corrientes,,,,,,,,,,,Criterio CCNN
1941.0,barriles,22014300.0,0.0,,,MMBTU,20932900.0,0.0,,,,3.36e-13,3.5568620719655145e-13,,22014300.0,20932900.0,Millones de pesos corrientes,,,,,,,,,,,Criterio CCNN
1942.0,barriles,23706256.2,0.0,,,MMBTU,23827500.0,0.0,,,,3.36e-13,3.527801582312046e-13,,23706256.2,23827500.0,Millones de pesos corrientes,,,,,,,,,,,Criterio CCNN
1943.0,barriles,24832130.4,0.0,,,MMBTU,23862800.0,0.0,,,,3.36e-13,3.851705937156042e-13,,24832130.4,23862800.0,Millones de pesos corrientes,,,,,,,,,,,Criterio CCNN
1944.0,barriles,24228309.599999998,0.0,,,MMBTU,23368600.0,0.0,,,,3.36e-13,4.0622022553163494e-13,,24228309.599999998,23368600.0,Millones de pesos corrientes,,,,,,,,,,,Criterio CCNN
1945.0,barriles,22882292.4,0.0,,,MMBTU,21462400.0,0.0,,,,3.36e-13,4.743077825042828e-13,,22882292.4,21462400.0,Millones de pesos corrientes,,,,,,,,,,,Criterio CCNN
1946.0,barriles,20800368.599999998,0.0,,1.63,MMBTU,19838600.0,0.0,,,,3.36e-13,4.3237803446155064e-13,,20800368.599999998,19838600.0,Millones de pesos corrientes,,,,,,,,,,,Criterio CCNN
1947.0,barriles,21844475.4,0.0,,2.16,MMBTU,20544600.0,0.0,,,,3.36e-13,4.152889024769395e-13,,21844475.4,20544600.0,Millones de pesos corrientes,,,,,,,,,,,Criterio CCNN
1948.0,barriles,23221941.599999998,0.0,,2.77,MMBTU,21356500.0,0.0,,,,3.36e-13,4.5301238167760564e-13,,23221941.599999998,21356500.0,Millones de pesos corrientes,,,,,,,,,,,Criterio CCNN
1949.0,barriles,22586671.799999997,0.0,,2.77,MMBTU,23756900.0,0.0,,,,3.36e-13,6.42068870648753e-13,,22586671.799999997,23756900.0,Millones de pesos corrientes,,,,,,,,,,,Criterio CCNN
1950.0,barriles,23460954.0,0.0,,2.77,MMBTU,26616200.0,0.0,,,,3.91e-13,7.848443430683273e-13,,23460954.0,26616200.0,Millones de pesos corrientes,,,,,,,,,,,Criterio CCNN
1951.0,barriles,24464806.08,0.0,,2.77,MMBTU,29263700.0,0.0,,,,5e-13,9.75880097164723e-13,,24464806.08,29263700.0,Millones de pesos corrientes,,,,,,,,,,,Criterio CCNN
1952.0,barriles,24819550.799999997,0.0,,2.77,MMBTU,31664100.0,0.0,,,,5e-13,1.1935807346934453e-12,,24819550.799999997,31664100.0,Millones de pesos corrientes,,,,,,,,,,,Criterio CCNN
1953.0,barriles,28501599.72,0.0,,2.92,MMBTU,32864300.0,0.0,,,,5e-13,1.49176750286427e-12,,28501599.72,32864300.0,Millones de pesos corrientes,,,,,,,,,,,Criterio CCNN
1954.0,barriles,29572123.68,0.0,,2.99,MMBTU,34629300.0,0.0,,,,5e-13,1.4684626910563614e-12,,29572123.68,34629300.0,Millones de pesos corrientes,,,,,,,,,,,Criterio CCNN
1955.0,barriles,30504272.04,0.0,,2.93,MMBTU,37347400.0,0.0,,,,6.9e-13,1.6682030546352734e-12,,30504272.04,37347400.0,Millones de pesos corrientes,,,,,,,,,,,Criterio CCNN
1956.0,barriles,31011858.9,0.0,,2.94,MMBTU,40489100.0,0.0,,,,1.8e-12,1.865707016536708e-12,,31011858.9,40489100.0,Millones de pesos corrientes,,,,,,,,,,,Criterio CCNN
1957.0,barriles,33951711.419999994,0.0,,3.14,MMBTU,49914200.0,0.0,,,,1.8e-12,2.215620682936727e-12,,33951711.419999994,49914200.0,Millones de pesos corrientes,,,,,,,,,,,Criterio CCNN
1958.0,barriles,35656247.22,0.0,,3.0,MMBTU,58350900.0,0.0,,,,1.8e-12,2.7509601125472938e-12,,35656247.22,58350900.0,Millones de pesos corrientes,,,,,,,,,,,Criterio CCNN
1959.0,barriles,44578328.519999996,0.0,,3.0,MMBTU,75965600.0,0.0,,,,8.06e-12,6.661870546578436e-12,,44578328.519999996,75965600.0,Millones de pesos corrientes,,,,,,,,,,,Criterio CCNN
1960.0,barriles,63859811.05679999,0.0,,2.91,MMBTU,126162200.0,0.0,,,,8.28e-12,7.643394706684082e-12,,63859811.05679999,126162200.0,Millones de pesos corrientes,,,,,,,,,,,Criterio CCNN
1961.0,barriles,84461610.6708,0.0,,2.85,MMBTU,173252400.0,0.0,,,,8.29e-12,7.91345035478734e-12,,84461610.6708,173252400.0,Millones de pesos corrientes,,,,,,,,,,,Criterio CCNN
1962.0,barriles,98205911.8062,1600164.59776432,,2.31288519016786,MMBTU,217906900.0,0.0,,0.8318866410727309,,1.16e-11,1.1025934906447486e-11,,96605747.20843568,217906900.0,Millones de pesos corrientes,,,,,,,,,,,Criterio CCNN
1963.0,barriles,97140620.95979999,640739.01985856,2.466666938176836,2.18419661769457,MMBTU,209893800.0,0.0,,0.9089018014224703,,1.39e-11,1.3689814027401163e-11,,96499881.93994144,209893800.0,Millones de pesos corrientes,,,,,,,,,,,Criterio CCNN
1964.0,barriles,100275727.7412,101996.187941,1.723294996349331,1.97064227651594,MMBTU,230685500.0,0.0,,1.051371001612714,,1.41e-11,1.5961183187096464e-11,,100173731.553259,230685500.0,Millones de pesos corrientes,,,,,,,,,,,Criterio CCNN
1965.0,barriles,98276326.11719999,0.0,2.4667463058776495,3.01,MMBTU,220130800.0,0.0,,2.037615891092793,,1.68e-11,1.9334847321468138e-11,,98276326.11719999,220130800.0,Millones de pesos corrientes,,,,,,,,,,,Criterio CCNN
1966.0,barriles,104759675.84279999,19421.3608275,3.48023784540049,5.51186917079588,MMBTU,210458600.0,0.0,0.1261790566041728,1.957538280304303,,2.07e-11,2.491185820885275e-11,,104740254.48197249,210458600.0,Millones de pesos corrientes,,,,,,,,,,,Criterio CCNN
1967.0,barriles,114673312.66379999,58111.59861867,2.375274253553372,1.77725277663965,MMBTU,228320400.0,0.0,0.1254758552860765,1.4360386059710821,,3.31e-11,3.281393980941069e-11,,114615201.06518131,228320400.0,Millones de pesos corrientes,,,,,,,,,,,Criterio CCNN
1968.0,barriles,125488170.89819999,1182294.78060432,2.820439441635664,1.29989324592505,MMBTU,249006200.0,0.0,,1.4453273570737877,,3.5e-11,3.527585316582835e-11,,124305876.11759567,249006200.0,Millones de pesos corrientes,,,,,,,,,,,Criterio CCNN
1969.0,barriles,130081536.3606,381429.802925,2.820439441635664,2.34669654320641,MMBTU,247347100.0,0.0,,2.1209250074223003,,3.5e-11,3.3458068278099456e-11,,129700106.55767499,247347100.0,Millones de pesos corrientes,,,,,,,,,,,Criterio CCNN
1970.0,barriles,143397621.62219998,0.0,2.604216350281408,3.39,MMBTU,270539200.0,0.0,,,0.10895619960775765,3.77e-11,3.569785208225281e-11,,143397621.62219998,270539200.0,Millones de pesos corrientes,,,,,,,,,,,Criterio CCNN
1971.0,barriles,154510553.4786,0.0,2.1495119081687815,3.6,MMBTU,286530100.0,0.0,,1.2999371153658301,0.11640781438450343,4.59e-11,4.7720273050483874e-11,,154510553.4786,286530100.0,Millones de pesos corrientes,1.6775376735739532e-08,1.514495271050435e-08,,,,,6.135280838568708e-10,1.7180645258599992e-09,,,Criterio CCNN
1972.0,barriles,158461780.6794,0.0,1.6614200769499825,3.6,MMBTU,293554800.0,0.0,0.2554402933013513,1.3731400688620794,0.07332534563016636,8e-11,7.45834959761967e-11,,158461780.6794,293554800.0,Millones de pesos corrientes,2.278372728171155e-08,2.056934265538196e-08,,,,,8.332722872616769e-10,2.3334148750401613e-09,,,Criterio CCNN
1973.0,barriles,153728574.0936,0.0,3.373716175395084,4.75,MMBTU,314664200.0,0.0,0.2792446275159122,,0.08153011641555255,8.68e-11,1.1375831475781977e-10,,153728574.0936,314664200.0,Millones de pesos corrientes,,,,,,,,,,,Criterio CCNN
1974.0,barriles,151095236.1072,220506.44815168,7.361124360075042,15.2000997163332,MMBTU,332773100.0,0.0,0.4045345474827224,4.372788350819689,0.08740066032608595,8.68e-11,1.2647585597322773e-10,,150874729.65904832,332773100.0,Millones de pesos corrientes,9.921621542348092e-08,8.957324263857068e-08,,,,,3.6286478387464522e-09,1.0161313381773758e-08,,,Criterio CCNN
1975.0,barriles,144465535.3152,90446.18467876,4.591560939934498,13.9260490033229,MMBTU,362707500.0,0.0,0.6529641236750255,8.021100203987395,0.03710114479905294,2.57e-10,3.74002397389071e-10,,144375089.13052124,362707500.0,Millones de pesos corrientes,1.741492244471156e-07,1.5722340012808676e-07,,,,,6.369182741068781e-09,1.7835641454846303e-08,,,Criterio CCNN
1976.0,barriles,145592912.7774,0.0,4.771216890839137,13.1,MMBTU,389429600.0,0.0,0.9735899367907366,3.5860429154307654,0.05264088555145835,1.83e-09,2.001721362135581e-09,,145592912.7774,389429600.0,Millones de pesos corrientes,1.3087341690501291e-06,1.1815363322754986e-06,,,,,4.7864508777599295e-08,1.340351269033224e-07,,,Criterio CCNN
1977.0,barriles,157542721.39319998,0.0,4.779166269197749,14.4,MMBTU,411703900.0,0.0,1.1209601135851275,4.252913691588782,0.28156571482815346,4.05e-09,4.817638854131992e-09,,157542721.39319998,411703900.0,Millones de pesos corrientes,3.518820479911206e-06,3.1768210398203065e-06,,,,,1.2869428928393383e-07,3.603830026973511e-07,,,Criterio CCNN
1978.0,barriles,165137944.22399998,0.0,8.025692390855035,14.95,MMBTU,406091200.0,0.0,1.417473633627966,4.148195219968046,0.6634089008599293,7.9e-09,1.2622630391494297e-08,,165137944.22399998,406091200.0,Millones de pesos corrientes,1.2598531786423027e-05,1.1374061586388043e-05,,,,,4.6076777816061656e-07,1.2902893855169682e-06,,,Criterio CCNN
1979.0,barriles,172553838.567,1.20135371,9.663264332729181,32.4633783334302,MMBTU,452369500.0,0.0,1.5914675429105807,,0.8261173030009026,1.31e-08,2.4626019715424612e-08,,172553837.3656463,452369500.0,Millones de pesos corrientes,,,,,,,,,,,Criterio CCNN
1980.0,barriles,179675709.9192,0.0,12.71900537377977,37.42,MMBTU,475349800.0,0.0,3.01986311610983,,1.0589132499434344,1.83e-08,4.162040187202227e-08,,179675709.9192,475349800.0,Millones de pesos corrientes,,,,,,,,,,,Criterio CCNN
1981.0,barriles,181475630.5362,0.0,9.280104295844065,35.75,MMBTU,481103700.0,0.0,3.988870696820312,,1.0244255041069572,4.41e-08,8.190042358174585e-08,,181475630.5362,481103700.0,Millones de pesos corrientes,,,,,,,,,,,Criterio CCNN
1982.0,barriles,179071260.1392,0.0,5.8666412286559195,31.83,MMBTU,547961900.0,0.0,4.513028262923004,,0.47100085514818124,2.16e-07,2.0667427771827035e-07,,179071260.1392,547961900.0,Millones de pesos corrientes,,,,,,,,,,,Criterio CCNN
1983.0,barriles,179096469.6576,0.0,10.197462558427931,29.08,MMBTU,606489300.0,0.0,4.704625726650992,,0.6649430599030824,1.053e-06,8.931256667281215e-07,,179096469.6576,606489300.0,Millones de pesos corrientes,,,,,,,,,,,Criterio CCNN
1984.0,barriles,175096653.7518,0.0,10.342141244554677,28.75,MMBTU,662369200.0,0.0,4.770926064890199,4.248420622889434,0.7459420757685602,6.77e-06,6.5215349932082375e-06,,175096653.7518,662369200.0,Millones de pesos corrientes,0.0156046020861418,0.014087967405069226,,,,,0.0005707091869276849,0.001598158640887255,,,Criterio CCNN
1985.0,barriles,167780798.6778,2557822.1855568,11.195904480269643,26.9560911580689,MMBTU,674688900.0,0.0,4.700009439988131,4.940689928340737,0.7307515573540577,6e-05,5.369904101939766e-05,,165222976.4922432,674688900.0,Millones de pesos corrientes,0.14470797090944928,0.1306435861787538,,,,,0.005292423860844895,0.014820390346228812,,,Criterio CCNN
1986.0,barriles,158370534.5508,828555.61461192,12.488473401380013,22.6970931924809,MMBTU,679383800.0,0.0,4.2232458834134,3.6848138302843343,0.7549495853778734,9.42e-05,8.955315961391932e-05,,157541978.93618807,679383800.0,Millones de pesos corrientes,0.23542135577990667,0.21254040111858785,,,,,0.008610096547215658,0.024110879079908352,,,Criterio CCNN
1987.0,barriles,156346426.59239998,523314.55696856,10.316703233807116,19.7651448106409,MMBTU,676630400.0,0.0,3.6980970598806797,2.7097389679202806,0.6203026501601826,0.000214,0.00020847512175890085,,155823112.0354314,676630400.0,Millones de pesos corrientes,0.4360549219372684,0.3936740900639727,,,,,0.01594789463908488,0.04465893699489815,,,Criterio CCNN
1988.0,barriles,164306432.664,1264149.1603008,13.21345670768546,13.7865882819184,MMBTU,802510200.0,0.0,2.593218588840547,2.2844284773979036,1.020372990449399,0.000871,0.0009757902950238913,,163042283.5036992,802510200.0,Millones de pesos corrientes,2.604847606568693,2.3516785608459934,,,,,0.09526743786280716,0.266777690815282,,,Criterio CCNN
1989.0,barriles,168021213.70319998,1987128.1000496,2.339250747575955,17.3858625415934,MMBTU,854507100.0,0.0,2.6269564928632865,2.079506803440119,,0.0394,0.029977468642338887,,166034085.60315037,854507100.0,Millones de pesos corrientes,,,,,,,,,,,Criterio CCNN
1990.0,barriles,176139785.63279998,6529986.54580544,15.004229452157873,22.4796346776996,MMBTU,812535400.0,0.0,2.8153491709423655,3.4083173362559775,,0.449,0.7399955380923077,,169609799.08699453,812535400.0,Millones de pesos corrientes,,,,,,,,,,,Criterio CCNN
1991.0,barriles,180017346.69599998,5543827.82874338,16.480434698956476,26.6272432261772,MMBTU,869897900.0,0.0,2.929518857415326,3.464216042514136,,0.95,1.69,,174473518.8672566,869897900.0,Millones de pesos corrientes,,,,,,,,,,,Criterio CCNN
1992.0,barriles,202821544.93919998,16964341.7535642,,20.5616324563088,MMBTU,884017900.0,0.0,1.9258762727036292,3.665020555443315,,0.99,1.894025275738358,,185857203.18563578,884017900.0,Millones de pesos corrientes,,,,,,,,,,,Criterio CCNN
1993.0,barriles,216666596.091,28450838.2634701,15.32512612417459,16.061741160708575,MMBTU,902534750.451,0.0,2.6429842748759973,3.2564069125252977,1.015872483465283,0.99,1.972021623383232,0.6205117391080787,188215757.8275299,902534750.451,Millones de pesos corrientes,4215.6778411553,3805.94978895438,2615.8775887346656,2361.6365225021073,1599.800252420634,1444.3132664522727,154.1805462128037,431.7522441038455,1168.0480083167886,1012.5610223484273,Criterio CCNN
1993.0,barriles,216666596.091,28450838.2634701,15.32512612417459,16.061741160708575,MMBTU,902534750.451,0.0,2.6429842748759973,3.2564069125252977,1.015872483465283,0.99,1.972021623383232,0.6206925797466143,188215757.8275299,902534750.451,Millones de pesos corrientes,4215.6778411553,3805.94978895438,2616.6399546073208,2362.3247928921764,1599.0378865479788,1443.6249960622035,154.1805462128037,431.7522441038455,1167.2856424441334,1011.8727519583581,Criterio CCNN
1994.0,barriles,243619496.09579998,66209162.2566298,14.297503511107932,14.472662202081663,MMBTU,938141651.0090399,31853.343299999997,,2.9845513643092922,1.1097492868988417,1.0,1.812286513626661,0.6173273466455476,177410333.8391702,938109797.6657399,Millones de pesos corrientes,4535.9094579269595,4095.057614597578,2800.140950286494,2527.991051580168,1735.7685076404655,1567.0665630174099,165.89241971187855,464.54903844719047,1271.219469193275,1102.5175245702194,Criterio CCNN
1994.0,barriles,243619496.09579998,66209162.2566298,14.297503511107932,14.472662202081663,MMBTU,938141651.0090399,31853.343299999997,,2.9845513643092922,1.1097492868988417,1.0,1.812286513626661,0.617489056143594,177410333.8391702,938109797.6657399,Millones de pesos corrientes,4535.9094579269595,4095.057614597578,2800.8744499281192,2528.6532612914957,1735.0350079988402,1566.4043533060822,165.89241971187855,464.54903844719047,1270.4859695516498,1101.8553148588917,Criterio CCNN
1995.0,barriles,262532037.834,88121303.2415846,15.846356332342312,15.808010902102737,MMBTU,1030423781.1893399,19096.1704,,3.4290536140692356,1.1903242104613008,0.99,1.850027967708323,0.6161034704352405,174410734.5924154,1030404685.0189399,Millones de pesos corrientes,5329.544512872083,4811.558088231355,3283.5508702195834,2964.417636360089,2045.9936426524996,1847.1404518712661,194.91814010030706,545.8298499520212,1500.1637927004786,1301.310601919245,Criterio CCNN
1995.0,barriles,262532037.834,88121303.2415846,15.846356332342312,15.808010902102737,MMBTU,1030423781.1893399,19096.1704,,3.4290536140692356,1.1903242104613008,0.99,1.850027967708323,0.6162524625524829,174410734.5924154,1030404685.0189399,Millones de pesos corrientes,5329.544512872083,4811.558088231355,3284.344930340494,2965.1345205868893,2045.199582531589,1846.423567644466,194.91814010030706,545.8298499520212,1499.3697325795679,1300.593717692445,Criterio CCNN
1996.0,barriles,286623720.3984,103610629.199821,19.890519012263244,19.6415803732122,MMBTU,1178069808.47643,30610.9544939511,,4.155343789725977,1.2213861593776953,1.0,1.700047480198135,0.6090919255304758,183013091.198579,1178039197.521936,Millones de pesos corrientes,7114.269841023127,6422.823284946792,4333.244316212168,3912.089801970217,2781.025524810959,2510.733482976575,260.1911368288103,728.6140176641856,2052.411507146773,1782.1194653123894,Criterio CCNN
1996.0,barriles,286623720.3984,103610629.199821,19.890519012263244,19.6415803732122,MMBTU,1178069808.47643,30610.9544939511,,4.155343789725977,1.2213861593776953,1.0,1.700047480198135,0.6093029204475741,183013091.198579,1178039197.521936,Millones de pesos corrientes,7114.269841023127,6422.823284946792,4334.745390987489,3913.444985036762,2779.5244500356375,2509.3782999100304,260.1911368288103,728.6140176641856,2050.910432371452,1780.7642822458447,Criterio CCNN
1997.0,barriles,304444925.2284,104005003.708477,18.5480299002618,18.133956729083277,MMBTU,1308711606.62465,23720720.93327094,,2.0782683566189126,1.2188698091062005,1.0,1.685374159314438,0.5987306741194501,200439921.51992297,1284990885.691379,Millones de pesos corrientes,7219.32251367299,6517.6657307801925,4322.429835297153,3902.3263966752634,2896.892678375837,2615.339334104929,264.0332421937287,739.3730767941059,2157.519601581731,1875.966257310823,Criterio CCNN
1997.0,barriles,304444925.2284,104005003.708477,18.5480299002618,18.133956729083277,MMBTU,1308711606.62465,23720720.93327094,,2.0782683566189126,1.2188698091062005,1.0,1.685374159314438,0.5989304922139586,200439921.51992297,1284990885.691379,Millones de pesos corrientes,7219.32251367299,6517.6657307801925,4323.8723865654765,3903.6287442222306,2895.4501271075133,2614.036986557962,264.0332421937287,739.3730767941059,2156.077050313407,1874.6639097638558,Criterio CCNN
1998.0,barriles,309128920.41899997,107523445.730744,12.160952771153296,11.559119299224387,MMBTU,1363647081.0983899,70124828.5853785,1.2631053679542918,1.6716848569600964,1.2190291086172733,1.0,1.834025658588197,0.5352324437899859,201605474.68825597,1293522252.5130115,Millones de pesos corrientes,5388.658885255814,4864.927046101337,2884.185063906091,2603.866791744816,2504.4738213497235,2261.0602543565205,197.08013790150832,551.8840988527086,1952.589722497015,1709.176155503812,Criterio CCNN
1998.0,barriles,309128920.41899997,107523445.730744,12.160952771153296,11.559119299224387,MMBTU,1363647081.0983899,70124828.5853785,1.2631053679542918,1.6716848569600964,1.2190291086172733,1.0,1.834025658588197,0.5353814809761257,201605474.68825597,1293522252.5130115,Millones de pesos corrientes,5388.658885255814,4864.927046101337,2884.9881744634163,2604.5918467825422,2503.670710792398,2260.3351993187944,197.08013790150832,551.8840988527086,1951.7866119396895,1708.4511004660858,Criterio CCNN
1999.0,barriles,280944389.51699996,0.0,17.00178969667822,16.203629993661696,MMBTU,1437911082.65532,5910.546574,0.9747129438733286,1.2004686792555754,1.2028564683663836,1.0,1.945408423379476,0.6126955068525004,280944389.51699996,1437905172.1087458,Millones de pesos corrientes,6506.158059624205,5873.814799649056,3986.293810003933,3598.8599358286965,2519.864249620272,2274.9548638203596,237.95058379147653,666.3337305602214,1853.5305190600507,1608.6211332601383,Criterio CCNN
1999.0,barriles,280944389.51699996,0.0,17.00178969667822,16.203629993661696,MMBTU,1437911082.65532,5910.546574,0.9747129438733286,1.2004686792555754,1.2028564683663836,1.0,1.945408423379476,0.612834715894831,280944389.51699996,1437905172.1087458,Millones de pesos corrientes,6506.158059624205,5873.814799649056,3987.1995260366643,3599.677623961783,2518.9585335875404,2274.137175687273,237.95058379147653,666.3337305602214,1852.624803027319,1607.8034451270519,Criterio CCNN
2000.0,barriles,272277680.3868,5608444.835399999,28.146854075911264,27.930764059573495,MMBTU,1595364783.5022802,11411.282034,1.0932602299788075,1.2683158238077425,1.2689565627950896,1.0,1.969548988287749,0.6482183628192075,266669235.5514,1595353372.2202463,Millones de pesos corrientes,9686.996813804488,8745.50306457888,6279.289215279225,5668.995678551683,3407.707598525263,3076.507386027196,354.2838224812647,992.1020463557797,2415.6055521694834,2084.405339671416,Criterio CCNN
2000.0,barriles,272277680.3868,5608444.835399999,28.146854075911264,27.930764059573495,MMBTU,1595364783.5022802,11411.282034,1.0932602299788075,1.2683158238077425,1.2689565627950896,1.0,1.969548988287749,0.6483086970760197,266669235.5514,1595353372.2202463,Millones de pesos corrientes,9686.996813804488,8745.50306457888,6280.164282937141,5669.78569707147,3406.8325308673466,3075.717367507409,354.2838224812647,992.1020463557797,2414.730484511567,2083.6153211516294,Criterio CCNN
2001.0,barriles,280631962.5714,104949187.51679999,22.719092633178587,23.395872600601972,MMBTU,1698918101.81031,218230025.45962197,1.0901093387855751,1.364365125246429,1.3406515580736544,1.0,2.07506215718321,0.5950813729302945,175682775.0546,1480688076.350688,Millones de pesos corrientes,8729.563273798454,7881.1239263178795,5194.800498053861,4689.910046307037,3534.7627757445935,3191.2138800108423,319.2674783196021,894.0456732045028,2640.7171025400908,2297.1682068063396,Criterio CCNN
2001.0,barriles,280631962.5714,104949187.51679999,22.719092633178587,23.395872600601972,MMBTU,1698918101.81031,218230025.45962197,1.0901093387855751,1.364365125246429,1.3406515580736544,1.0,2.07506215718321,0.5951755336821656,175682775.0546,1480688076.350688,Millones de pesos corrientes,8729.563273798454,7881.1239263178795,5195.622480295227,4690.652138861528,3533.940793503227,3190.471787456351,319.2674783196021,894.0456732045028,2639.895120298724,2296.4261142518485,Criterio CCNN
2002.0,barriles,276503268.66359997,97245641.75039999,19.682486484599405,24.9059965634639,MMBTU,1642089377.3392498,206445367.650343,0.8882986503071644,0.6077650752726892,0.4929689708473924,3.14,3.101870690383393,0.38148979264707983,179257626.91319996,1435644009.688907,Millones de pesos corrientes,21299.98173195457,19229.80456097861,8125.725614309937,7335.974154611599,13174.256117644632,11893.830406367011,779.0070639874866,2181.4558082128174,10992.800309431816,9712.374598154194,Criterio CCNN
2002.0,barriles,276503268.66359997,97245641.75039999,19.682486484599405,24.9059965634639,MMBTU,1642089377.3392498,206445367.650343,0.8882986503071644,0.6077650752726892,0.4929689708473924,3.14,3.101870690383393,0.3815160727227255,179257626.91319996,1435644009.688907,Millones de pesos corrientes,21299.98173195457,19229.80456097861,8126.285379441104,7336.479515330113,13173.696352513465,11893.325045648497,779.0070639874866,2181.4558082128174,10992.240544300648,9711.86923743568,Criterio CCNN
2003.0,barriles,270191278.2492,83878726.09908,24.237501381866938,30.1449796250912,MMBTU,1800558632.4394,228132934.10724398,0.6009941875582862,0.6745701981159947,0.5422560403755233,2.93,3.575691739551415,0.4162878300665986,186312552.15012,1572425698.332156,Millones de pesos corrientes,23588.90916599194,21296.267704689573,9819.775810348883,8865.377071302604,13769.133355643056,12430.890633386969,862.7203113746825,2415.8782649263653,11353.255090716691,10015.012368460604,Criterio CCNN
2003.0,barriles,270191278.2492,83878726.09908,24.237501381866938,30.1449796250912,MMBTU,1800558632.4394,228132934.10724398,0.6009941875582862,0.6745701981159947,0.5422560403755233,2.93,3.575691739551415,0.4163217952997501,186312552.15012,1572425698.332156,Millones de pesos corrientes,23588.90916599194,21296.267704689573,9820.577013148495,8866.100404000452,13768.332152843444,12430.167300689121,862.7203113746825,2415.8782649263653,11352.45388791708,10014.289035762757,Criterio CCNN
2004.0,barriles,254315156.3304,64388883.8736,28.35350209068651,36.16651394674907,MMBTU,1842819822.63149,259446308.63520998,1.7878387463878782,0.894522347119295,0.7725186682007301,2.93,3.476419712823161,0.38461158472725954,189926272.45679998,1583373513.99628,Millones de pesos corrientes,26865.353268742452,24254.269290969885,10332.726094948697,9328.472948401633,16532.627173793757,14925.796342568252,982.5501371896822,2751.4380840931144,13781.189089700641,12174.358258475138,Criterio CCNN
2004.0,barriles,254315156.3304,64388883.8736,28.35350209068651,36.16651394674907,MMBTU,1842819822.63149,259446308.63520998,1.7878387463878782,0.894522347119295,0.7725186682007301,2.93,3.476419712823161,0.3846439579832447,189926272.45679998,1583373513.99628,Millones de pesos corrientes,26865.353268742452,24254.269290969885,10333.595813907197,9329.258138070123,16531.757454835257,14925.011152899762,982.5501371896822,2751.4380840931144,13780.319370742141,12173.573068806647,Criterio CCNN
2005.0,barriles,242613090.357,54636926.3616,34.634829819708095,48.14787712144361,MMBTU,1811916923.59247,233012074.3566,2.498083295501938,1.1509797424150912,1.043703097186865,2.928416666666667,3.913969455049009,0.3744084345617603,187976163.9954,1578904849.23587,Millones de pesos corrientes,32380.30700846291,29233.216405209067,12123.460057667795,10945.162791479497,20256.846950795116,18288.05361372957,1184.2492735960404,3316.2567782561077,16940.590172539007,14971.796835473464,Criterio CCNN
2005.0,barriles,242613090.357,54636926.3616,34.634829819708095,48.14787712144361,MMBTU,1811916923.59247,233012074.3566,2.498083295501938,1.1509797424150912,1.043703097186865,2.928416666666667,3.913969455049009,0.3744084345617603,187976163.9954,1578904849.23587,Millones de pesos corrientes,32380.30700846291,29233.216405209067,12123.460057667795,10945.162791479497,20256.846950795116,18288.05361372957,1184.2492735960404,3316.2567782561077,16940.590172539007,14971.796835473464,Criterio CCNN
2006.0,barriles,241190771.5932,31949152.3164,39.976812063446644,58.71126301600694,MMBTU,1823770983.1563098,108298011.9745562,3.1708397092063456,1.4276324797361655,1.288920009735108,3.07775,4.120995359841515,0.38370715416285706,209241619.2768,1715472971.1817536,Millones de pesos corrientes,38799.05574487162,35028.11732486546,14887.47526407074,13440.539214406796,23911.580480800883,21587.578110458664,1419.0030245873704,3973.638408376997,19937.942072423888,17613.93970208167,Criterio CCNN
2006.0,barriles,241190771.5932,31949152.3164,39.976812063446644,58.71126301600694,MMBTU,1823770983.1563098,108298011.9745562,3.1708397092063456,1.4276324797361655,1.288920009735108,3.07775,4.120995359841515,0.38370715416285706,209241619.2768,1715472971.1817536,Millones de pesos corrientes,38799.05574487162,35028.11732486546,14887.47526407074,13440.539214406796,23911.580480800883,21587.578110458664,1419.0030245873704,3973.638408376997,19937.942072423888,17613.93970208167,Criterio CCNN
2007.0,barriles,238412145.51659998,20763719.822339997,40.70764055560855,62.8278887947296,MMBTU,1800028282.8425298,43962053.8586,1.9447726324060484,1.5954352436394843,1.4993048402343485,3.119166666666667,4.572715840632663,0.44111199812241664,217648425.69426,1756066228.9839299,Millones de pesos corrientes,40135.91378848699,36235.04413015605,17704.43312770855,15983.712718307079,22431.48066077844,20251.331411848972,1467.8961115688728,4110.553865897118,18320.92679488132,16140.777545951854,Criterio CCNN
2007.0,barriles,238412145.51659998,20763719.822339997,40.70764055560855,62.8278887947296,MMBTU,1800028282.8425298,43962053.8586,1.9447726324060484,1.5954352436394843,1.4993048402343485,3.119166666666667,4.572715840632663,0.44111199812241664,217648425.69426,1756066228.9839299,Millones de pesos corrientes,40135.91378848699,36235.04413015605,17704.43312770855,15983.712718307079,22431.48066077844,20251.331411848972,1467.8961115688728,4110.553865897118,18320.92679488132,16140.777545951854,Criterio CCNN
2008.0,barriles,236452111.75079998,20686397.4114204,44.0758716586113,85.23603883175497,MMBTU,1775924408.2983696,24637390.943919,1.93790924589934,1.9763457818772658,1.7438805140414182,3.183166666666667,5.592039744778452,0.4602018481003838,215765714.33937958,1751287017.3544507,Millones de pesos corrientes,45761.25433963744,41313.64939606039,21059.413818492856,19012.617803838297,24701.840521144582,22301.031592222094,1673.632439506997,4686.6779195657855,20015.1626015788,17614.35367265631,Criterio CCNN
2008.0,barriles,236452111.75079998,20686397.4114204,44.0758716586113,85.23603883175497,MMBTU,1775924408.2983696,24637390.943919,1.93790924589934,1.9763457818772658,1.7438805140414182,3.183166666666667,5.592039744778452,0.4602018481003838,215765714.33937958,1751287017.3544507,Millones de pesos corrientes,45761.25433963744,41313.64939606039,21059.413818492856,19012.617803838297,24701.840521144582,22301.031592222094,1673.632439506997,4686.6779195657855,20015.1626015788,17614.35367265631,Criterio CCNN
2009.0,barriles,227941980.90179998,38281780.30050659,42.75057204654097,56.2753035685592,MMBTU,1709199505.17905,27435815.52332839,2.160447480611034,2.016992015373716,1.7998237330815237,3.75,6.96022588383259,0.4180982742335152,189660200.60129339,1681763689.6557217,Millones de pesos corrientes,50042.3133774219,45178.625885082576,20922.60486175285,18889.105514794643,29119.708515669052,26289.520370287933,1830.2041809173845,5125.126234724032,23994.58228094502,21164.394135563904,Criterio CCNN
2009.0,barriles,227941980.90179998,38281780.30050659,42.75057204654097,56.2753035685592,MMBTU,1709199505.17905,27435815.52332839,2.160447480611034,2.016992015373716,1.7998237330815237,3.75,6.96022588383259,0.4180982742335152,189660200.60129339,1681763689.6557217,Millones de pesos corrientes,50042.3133774219,45178.625885082576,20922.60486175285,18889.105514794643,29119.708515669052,26289.520370287933,1830.2041809173845,5125.126234724032,23994.58228094502,21164.394135563904,Criterio CCNN
2010.0,barriles,222743303.95679998,33429069.621789597,50.0750584769521,75.26580553145574,MMBTU,1662897706.2267401,0.0,3.9157196069555247,2.1566233888207824,2.036006709535843,3.89,7.66405578636219,0.41860471350798156,189314234.33501038,1662897706.2267401,Millones de pesos corrientes,59834.649990505284,54019.23061585617,25047.066517125815,22612.704555872057,34787.58347337947,31406.526059984113,2188.3406098839487,6128.016746528501,28659.566726850968,25278.509313455612,Criterio CCNN
2011.0,barriles,209615629.65420002,21725042.0421738,59.70086404045704,102.7709066424628,MMBTU,1607122642.6624498,0.0,5.442531815779406,2.1811628495709185,2.1145080172498956,4.11,9.17750726520705,0.46062224319257994,187890587.6120262,1607122642.6624498,Millones de pesos corrientes,69246.12832718276,62515.99325733212,31896.306962468174,28796.257049604523,37349.82136471458,33719.7362077276,2532.5478584675448,7091.901332899468,30257.920031815112,26627.834874828128,Criterio CCNN
2012.0,barriles,208440946.60619998,24058816.80833532,70.09650602032922,105.63934778595046,MMBTU,1557566403.11376,0.0,7.430440023945892,1.906928009577266,1.8923518738030611,4.552518519,12.13401732884997,0.47278752885381103,184382129.79786468,1557566403.11376,Millones de pesos corrientes,83828.09333722989,75680.71521751868,39632.87709743554,35780.89832957967,44195.21623979435,39899.81688793901,3065.8560036385543,8585.325724836934,35609.89051495741,31314.491163102073,Criterio CCNN
2013.0,barriles,204173770.1718,15931837.93771614,70.50673289558756,95.18008634631269,MMBTU,1472302712.4361,0.0,11.051506101435468,1.8852040221708772,1.871133196076307,5.49,14.84157193157559,0.4941421090100967,188241932.23408386,1472302712.4361,Millones de pesos corrientes,96314.3191261537,86953.38599474487,47592.960780869085,42967.32954101223,48721.358345284614,43986.056453732635,3522.516399620115,9864.11319576896,38857.24514951566,34121.94325796368,Criterio CCNN
2014.0,barriles,201146495.7216,16825688.388588417,72.9746844030547,93.08851800379158,MMBTU,1464386088.6069,0.0,10.385412405337707,2.2942044725737554,2.2874719437383644,8.1236,21.34231847897062,0.39985028896615893,184320807.33301157,1464386088.6069,Millones de pesos corrientes,149204.31903575404,134702.92748688496,59659.39008144522,53861.0044802185,89544.92895430882,80841.92300666646,5456.869398715169,15280.88767713306,74264.04127717577,65561.0353295334,Criterio CCNN
2015.0,barriles,201105366.7194,14726080.94671626,67.99899768540601,67.99899768441387,MMBTU,1514565301.1577098,0.0,6.379625724026714,2.154670004318071,2.15010809733667,9.43,25.48181551080215,0.3959354364857034,186379285.77268374,1514565301.1577098,Millones de pesos corrientes,159663.5026243552,144145.56733546566,63216.43860241032,57072.33812044695,96447.06402194488,87073.22921501871,5839.3945107831705,16352.073891076561,80094.99013086832,70721.15532394215,Criterio CCNN
2016.0,barriles,178186765.72620198,18683541.3286236,58.10644420993779,58.106444210139664,MMBTU,1588074133.3905299,0.0,3.5760457824334844,3.3917025064604656,3.3717001841682253,14.77744618867244,36.58219323265958,0.39754473909240795,159503224.3975784,1588074133.3905299,Millones de pesos corrientes,232128.6940606044,209567.7581302322,92281.54111618437,83312.559728064,139847.15294442006,126255.19840216819,8489.673592354173,23773.658319701026,116073.49462471902,102481.54008246717,Criterio CCNN
2017.0,barriles,166375420.6223076,10845928.399745999,53.103430588677966,53.103430588571754,MMBTU,1576391746.53404,0.0,4.962399318953003,3.9476995558461243,3.9472938385292666,16.55671666666666,47.31066691847749,0.38909789697175656,155529492.2225616,1576391746.53404,Millones de pesos corrientes,249304.20212083898,225073.95280167315,97003.74075144019,87575.80169825142,152300.4613693988,137498.15110342173,9117.835732344372,25532.70263666376,126767.75873273505,111965.44846675797,Criterio CCNN
2018.0,barriles,169545967.85606632,22591805.242284298,63.543576328606115,63.54357632749431,MMBTU,1659859669.6328602,0.0,6.235695602411983,4.5333077207608445,4.530904612563252,28.11243034511785,63.43351939285051,0.3962113795146416,146954162.61378202,1659859669.6328602,Millones de pesos corrientes,514295.0693274019,464309.9601819874,203769.55889578816,183964.88984609352,310525.5104316138,280345.0703358939,18809.38195261147,52671.968466356215,257853.54196525755,227673.10186953767,Criterio CCNN
2019.0,barriles,175181884.10622966,23950112.1422574,54.628943544960244,54.63145510227052,MMBTU,1742091543.2695298,0.0,6.861993788670935,3.4252182135816422,3.394803658159254,48.25485833333334,96.3767044113364,0.3981888736946355,151231771.96397227,1742091543.2695298,Millones de pesos corrientes,747184.0243972961,674564.0884137508,297520.3651173844,268603.9146003199,449663.6592799117,405960.1738134308,27326.86067194481,76523.48956619216,373140.1697137196,329436.6842472387,Criterio CCNN
2020.0,barriles,164705993.94875866,11961897.6554286,41.31467005901155,41.31467005901157,MMBTU,1592065977.60468,0.0,2.397897880116509,2.397897880116509,2.378767416061437,70.63476524170274,155.1537195126539,0.40228030855656494,152744096.29333007,1592065977.60468,Millones de pesos corrientes,748158.3808280302,675443.7456816084,300969.38428868,271717.71842539945,447188.9965393502,403726.027256209,27362.495939239187,76623.27911164072,370565.7174277095,327102.7481445683,Criterio CCNN
2021.0,barriles,174112871.68014562,0.0,56.084874596460544,56.084874596460594,MMBTU,1599307421.9521298,0.0,3.1259671847590584,3.1259671847590584,2.227510853387843,95.09325,183.2544403613368,,174112871.68014562,1599307421.9521298,Millones de pesos corrientes,1267362.2515429219,1144185.4134818458,,,,,46351.40813768318,129797.98666166655,,,Criterio CCNN
2022.0,barriles,199004448.8329207,0.0,66.14804903940454,66.14804903940468,MMBTU,1711679693.09482,0.0,3.658790061111034,3.658790061111034,3.4701710890115125,130.811639,321.6995633231077,,199004448.8329207,1711679693.09482,Millones de pesos corrientes,2498970.273738828,2256091.604792339,,,,,91395.17209147636,255934.17340919471,,,Criterio CCNN
2023.0,barriles,217765786.8019986,0.0,64.1528736133494,64.15287361334948,MMBTU,1698826591.1069498,0.0,3.827195112162613,3.827195112162613,3.5905809488313754,295.294897119341,694.730244073937,,217765786.8019986,1698826591.1069498,Millones de pesos corrientes,5926590.847885892,5350576.594474485,,,,,216753.99509570556,606976.8599203031,,,Criterio CCNN
2024.0,barriles,237817865.7676833,0.0,70.63757168856138,70.6375716885613,MMBTU,1791044211.04557,0.0,3.268511303017215,3.268511303017215,3.1561033475905935,959.272352941177,2393.116154794713,,237817865.7676833,1791044211.04557,Millones de pesos corrientes,21537196.446614914,19443964.021738306,,,,,787682.7492874865,2205750.355673064,,,Criterio CCNN
2025.0,barriles,266845855.46639988,0.0,63.06461383766098,63.064613837660985,MMBTU,1821226443.69354,0.0,3.732945516537574,3.732945516537574,3.681447336456513,1122.168145,2613.39,,266845855.46639988,1821226443.69354,Millones de pesos corrientes,26408297.241231225,23841635.224280868,,,,,965834.1663240755,2704628.30094681,,,Criterio CCNN
2026.0,,,,,,,,,,,,,,,,,Millones de pesos corrientes,,,,,,,,,,,Criterio CCNN
