﻿"INDICATOR_CODE","INDICATOR_NAME","SOURCE_NOTE","SOURCE_ORGANIZATION",
"TX.VAL.MMTL.ZS.UN","Ores and metals exports (% of merchandise exports)","Ores and metals comprise the commodities in SITC sections 27 (crude fertilizer, minerals nes); 28 (metalliferous ores, scrap); and 68 (non-ferrous metals).","World Bank staff estimates through the WITS platform from the Comtrade database maintained by the United Nations Statistics Division.",
"TX.VAL.FUEL.ZS.UN","Fuel exports (% of merchandise exports)","Fuels comprise the commodities in SITC section 3 (mineral fuels, lubricants and related materials).","World Bank staff estimates through the WITS platform from the Comtrade database maintained by the United Nations Statistics Division.",
"TM.VAL.MMTL.ZS.UN","Ores and metals imports (% of merchandise imports)","Ores and metals comprise commodities in SITC sections 27 (crude fertilizer, minerals nes); 28 (metalliferous ores, scrap); and 68 (non-ferrous metals).","World Bank staff estimates through the WITS platform from the Comtrade database maintained by the United Nations Statistics Division.",
"TM.VAL.FUEL.ZS.UN","Fuel imports (% of merchandise imports)","Fuels comprise the commodities in SITC section 3 (mineral fuels, lubricants and related materials).","World Bank staff estimates through the WITS platform from the Comtrade database maintained by the United Nations Statistics Division.",
"NY.GDP.TOTL.RT.ZS","Total natural resources rents (% of GDP)","Total natural resources rents are the sum of oil rents, natural gas rents, coal rents (hard and soft), mineral rents, and forest rents.","World Bank staff estimates based on sources and methods described in the World Bank's The Changing Wealth of Nations.",
"NY.GDP.PETR.RT.ZS","Oil rents (% of GDP)","Oil rents are the difference between the value of crude oil production at regional prices and total costs of production.","World Bank staff estimates based on sources and methods described in the World Bank's The Changing Wealth of Nations.",
"NY.GDP.NGAS.RT.ZS","Natural gas rents (% of GDP)","Natural gas rents are the difference between the value of natural gas production at regional prices and total costs of production.","World Bank staff estimates based on sources and methods described in the World Bank's The Changing Wealth of Nations.",
"NY.GDP.MINR.RT.ZS","Mineral rents (% of GDP)","Mineral rents are the difference between the value of production for a stock of minerals at world prices and their total costs of production. Minerals included in the calculation are tin, gold, lead, zinc, iron, copper, nickel, silver, bauxite, and phosphate.","World Bank staff estimates based on sources and methods described in the World Bank's The Changing Wealth of Nations.",
"NY.ADJ.DRES.GN.ZS","Adjusted savings: natural resources depletion (% of GNI)","Natural resource depletion is the sum of net forest depletion, energy depletion, and mineral depletion. Net forest depletion is unit resource rents times the excess of roundwood harvest over natural growth. Energy depletion is the ratio of the value of the stock of energy resources to the remaining reserve lifetime. It covers coal, crude oil, and natural gas. Mineral depletion is the ratio of the value of the stock of mineral resources to the remaining reserve lifetime. It covers tin, gold, lead, zinc, iron, copper, nickel, silver, bauxite, and phosphate.","World Bank staff estimates based on sources and methods described in the World Bank's The Changing Wealth of Nations.",
"NY.ADJ.DNGY.GN.ZS","Adjusted savings: energy depletion (% of GNI)","Energy depletion is the ratio of the value of the stock of energy resources to the remaining reserve lifetime. It covers coal, crude oil, and natural gas.","World Bank staff estimates based on sources and methods described in the World Bank's The Changing Wealth of Nations.",
"NY.ADJ.DNGY.CD","Adjusted savings: energy depletion (current US$)","Energy depletion is the ratio of the value of the stock of energy resources to the remaining reserve lifetime. It covers coal, crude oil, and natural gas.","World Bank staff estimates based on sources and methods described in the World Bank's The Changing Wealth of Nations.",
"NY.ADJ.DMIN.GN.ZS","Adjusted savings: mineral depletion (% of GNI)","Mineral depletion is the ratio of the value of the stock of mineral resources to the remaining reserve lifetime. It covers tin, gold, lead, zinc, iron, copper, nickel, silver, bauxite, and phosphate.","World Bank staff estimates based on sources and methods described in the World Bank's The Changing Wealth of Nations.",
"NY.ADJ.DMIN.CD","Adjusted savings: mineral depletion (current US$)","Mineral depletion is the ratio of the value of the stock of mineral resources to the remaining reserve lifetime. It covers tin, gold, lead, zinc, iron, copper, nickel, silver, bauxite, and phosphate.","World Bank staff estimates based on sources and methods described in the World Bank's The Changing Wealth of Nations.",
"IE.PPI.ENGY.CD","Investment in energy with private participation (current US$)","Investment in energy projects with private participation  refers to commitments to  infrastructure projects in energy (electricity and natural gas: generation, transmission and distribution) that have reached financial closure and directly or indirectly serve the public. Movable assets and small projects such as windmills are excluded. The types of projects included are management and lease contracts, operations and management contracts with major capital expenditure, greenfield projects (in which a private entity or a public-private joint venture builds and operates a new facility), and divestitures. Investment commitments are the sum of investments in facilities and investments in government assets. Investments in facilities are the resources the project company commits to invest during the contract period either in new facilities or in expansion and modernization of existing facilities. Investments in government assets are the resources the project company spends on acquiring government assets such as state-owned enterprises, rights to provide services in a specific area, or the use of specific radio spectrums. Data are in current U.S. dollars.","World Bank, Private Participation in Infrastructure Project Database (http://ppi.worldbank.org).",
"IC.FRM.OUTG.ZS","Value lost due to electrical outages (% of sales for affected firms)","Average losses due to electrical outages, as percentage of total annual sales. The value represents average losses for all firms which reported outages (please see indicator IC.ELC.OUTG.ZS).","World Bank, Enterprise Surveys (http://www.enterprisesurveys.org/).",
"IC.FRM.BNKS.ZS","Firms using banks to finance investment (% of firms)","Firms using banks to finance investment are the percentage of firms using banks to finance investments.","World Bank, Enterprise Surveys (http://www.enterprisesurveys.org/).",
"IC.ELC.TIME","Time required to get electricity (days)","Time required to get electricity is the number of days to obtain a permanent electricity connection. The measure captures the median duration that the electricity utility and experts indicate is necessary in practice, rather than required by law, to complete a procedure.","World Bank, Doing Business project (http://www.doingbusiness.org/).",
"IC.ELC.DURS","Time to obtain an electrical connection (days)","The average wait, in days, experienced to obtain an electrical connection from the day an establishment applies for it to the day it receives the service.","World Bank, Enterprise Surveys (http://www.enterprisesurveys.org/).",
"EP.PMP.SGAS.CD","Pump price for gasoline (US$ per liter)","Fuel prices refer to the pump prices of the most widely sold grade of gasoline. Prices have been converted from the local currency to U.S. dollars.","German Agency for International Cooperation (GIZ).",
"EP.PMP.DESL.CD","Pump price for diesel fuel (US$ per liter)","Fuel prices refer to the pump prices of the most widely sold grade of diesel fuel. Prices have been converted from the local currency to U.S. dollars.","German Agency for International Cooperation (GIZ).",
"EN.ATM.NOXE.EG.ZS","Nitrous oxide emissions in energy sector (% of total)","Nitrous oxide emissions from energy processes are emissions produced by the combustion of fossil fuels and biofuels.","World Bank staff estimates from original source: European Commission, Joint Research Centre (JRC)/Netherlands Environmental Assessment Agency (PBL). Emission Database for Global Atmospheric Research (EDGAR): http://edgar.jrc.ec.europa.eu/.",
"EN.ATM.NOXE.EG.KT.CE","Nitrous oxide emissions in energy sector (thousand metric tons of CO2 equivalent)","Nitrous oxide emissions from energy processes are emissions produced by the combustion of fossil fuels and biofuels.","European Commission, Joint Research Centre (JRC)/Netherlands Environmental Assessment Agency (PBL). Emission Database for Global Atmospheric Research (EDGAR): http://edgar.jrc.ec.europa.eu/",
"EN.ATM.METH.EG.ZS","Energy related methane emissions (% of total)","Methane emissions from energy processes are emissions from the production, handling, transmission, and combustion of fossil fuels and biofuels.","World Bank staff estimates from original source: European Commission, Joint Research Centre (JRC)/Netherlands Environmental Assessment Agency (PBL). Emission Database for Global Atmospheric Research (EDGAR): http://edgar.jrc.ec.europa.eu/.",
"EN.ATM.METH.EG.KT.CE","Methane emissions in energy sector (thousand metric tons of CO2 equivalent)","Methane emissions from energy processes are emissions from the production, handling, transmission, and combustion of fossil fuels and biofuels.","European Commission, Joint Research Centre (JRC)/Netherlands Environmental Assessment Agency (PBL). Emission Database for Global Atmospheric Research (EDGAR): http://edgar.jrc.ec.europa.eu/",
"EN.ATM.CO2E.LF.KT","CO2 emissions from liquid fuel consumption (kt) ","Carbon dioxide emissions from liquid fuel consumption refer mainly to emissions from use of petroleum-derived fuels as an energy source.","Carbon Dioxide Information Analysis Center, Environmental Sciences Division, Oak Ridge National Laboratory, Tennessee, United States.",
"EN.ATM.CO2E.GF.ZS","CO2 emissions from gaseous fuel consumption (% of total) ","Carbon dioxide emissions from liquid fuel consumption refer mainly to emissions from use of natural gas as an energy source.","Carbon Dioxide Information Analysis Center, Environmental Sciences Division, Oak Ridge National Laboratory, Tennessee, United States.",
"EG.USE.PCAP.KG.OE","Energy use (kg of oil equivalent per capita)","Energy use refers to use of primary energy before transformation to other end-use fuels, which is equal to indigenous production plus imports and stock changes, minus exports and fuels supplied to ships and aircraft engaged in international transport.","IEA Statistics © OECD/IEA 2014 (http://www.iea.org/stats/index.asp), subject to https://www.iea.org/t&c/termsandconditions/",
"EG.USE.ELEC.KH.PC","Electric power consumption (kWh per capita)","Electric power consumption measures the production of power plants and combined heat and power plants less transmission, distribution, and transformation losses and own use by heat and power plants.","IEA Statistics © OECD/IEA 2014 (http://www.iea.org/stats/index.asp), subject to https://www.iea.org/t&c/termsandconditions/",
"EG.USE.CRNW.ZS","Combustible renewables and waste (% of total energy)","Combustible renewables and waste comprise solid biomass, liquid biomass, biogas, industrial waste, and municipal waste, measured as a percentage of total energy use.","IEA Statistics © OECD/IEA 2014 (http://www.iea.org/stats/index.asp), subject to https://www.iea.org/t&c/termsandconditions/",
"EG.USE.COMM.GD.PP.KD","Energy use (kg of oil equivalent) per $1,000 GDP (constant 2017 PPP)","Energy use per PPP GDP is the kilogram of oil equivalent of energy use per constant PPP GDP. Energy use refers to use of primary energy before transformation to other end-use fuels, which is equal to indigenous production plus imports and stock changes, minus exports and fuels supplied to ships and aircraft engaged in international transport. PPP GDP is gross domestic product converted to 2017 constant international dollars using purchasing power parity rates. An international dollar has the same purchasing power over GDP as a U.S. dollar has in the United States.","IEA Statistics © OECD/IEA 2014 (http://www.iea.org/stats/index.asp), subject to https://www.iea.org/t&c/termsandconditions/",
"EG.USE.COMM.FO.ZS","Fossil fuel energy consumption (% of total)","Fossil fuel comprises coal, oil, petroleum, and natural gas products.","IEA Statistics © OECD/IEA 2014 (http://www.iea.org/stats/index.asp), subject to https://www.iea.org/t&c/termsandconditions/",
"EG.USE.COMM.CL.ZS","Alternative and nuclear energy (% of total energy use)","Clean energy is noncarbohydrate energy that does not produce carbon dioxide when generated. It includes hydropower and nuclear, geothermal, and solar power, among others.","IEA Statistics © OECD/IEA 2014 (http://www.iea.org/stats/index.asp), subject to https://www.iea.org/t&c/termsandconditions/",
"EG.IMP.CONS.ZS","Energy imports, net (% of energy use)","Net energy imports are estimated as energy use less production, both measured in oil equivalents. A negative value indicates that the country is a net exporter. Energy use refers to use of primary energy before transformation to other end-use fuels, which is equal to indigenous production plus imports and stock changes, minus exports and fuels supplied to ships and aircraft engaged in international transport.","IEA Statistics © OECD/IEA 2014 (http://www.iea.org/stats/index.asp), subject to https://www.iea.org/t&c/termsandconditions/",
"EG.GDP.PUSE.KO.PP.KD","GDP per unit of energy use (constant 2017 PPP $ per kg of oil equivalent)","GDP per unit of energy use is the PPP GDP per kilogram of oil equivalent of energy use. PPP GDP is gross domestic product converted to 2017 constant international dollars using purchasing power parity rates. An international dollar has the same purchasing power over GDP as a U.S. dollar has in the United States.","IEA Statistics © OECD/IEA 2014 (http://www.iea.org/stats/index.asp), subject to https://www.iea.org/t&c/termsandconditions/",
"EG.GDP.PUSE.KO.PP","GDP per unit of energy use (PPP $ per kg of oil equivalent)","GDP per unit of energy use is the PPP GDP per kilogram of oil equivalent of energy use. PPP GDP is gross domestic product converted to current international dollars using purchasing power parity rates based on the 2017 ICP round. An international dollar has the same purchasing power over GDP as a U.S. dollar has in the United States.","IEA Statistics © OECD/IEA 2014 (http://www.iea.org/stats/index.asp), subject to https://www.iea.org/t&c/termsandconditions/",
"EG.FEC.RNEW.ZS","Renewable energy consumption (% of total final energy consumption)","Renewable energy consumption is the share of renewables energy in total final energy consumption.","World Bank, Sustainable Energy for All (SE4ALL) database from the SE4ALL Global Tracking Framework led jointly by the World Bank, International Energy Agency, and the Energy Sector Management Assistance Program.",
"EG.ELC.RNWX.ZS","Electricity production from renewable sources, excluding hydroelectric (% of total)","Electricity production from renewable sources, excluding hydroelectric, includes geothermal, solar, tides, wind, biomass, and biofuels.","IEA Statistics © OECD/IEA 2014 (http://www.iea.org/stats/index.asp), subject to https://www.iea.org/t&c/termsandconditions/",
"EG.ELC.RNWX.KH","Electricity production from renewable sources, excluding hydroelectric (kWh)","Electricity production from renewable sources, excluding hydroelectric, includes geothermal, solar, tides, wind, biomass, and biofuels.","IEA Statistics © OECD/IEA 2014 (http://www.iea.org/stats/index.asp), subject to https://www.iea.org/t&c/termsandconditions/",
"EG.ELC.RNEW.ZS","Renewable electricity output (% of total electricity output)","Renewable electricity is the share of electrity generated by renewable power plants in total electricity generated by all types of plants.","IEA Statistics © OECD/IEA 2018 (http://www.iea.org/stats/index.asp), subject to https://www.iea.org/t&c/termsandconditions/",
"EG.ELC.PETR.ZS","Electricity production from oil sources (% of total)","Sources of electricity refer to the inputs used to generate electricity. Oil refers to crude oil and petroleum products.","IEA Statistics © OECD/IEA 2014 (http://www.iea.org/stats/index.asp), subject to https://www.iea.org/t&c/termsandconditions/",
"EG.ELC.NUCL.ZS","Electricity production from nuclear sources (% of total)","Sources of electricity refer to the inputs used to generate electricity. Nuclear power refers to electricity produced by nuclear power plants.","IEA Statistics © OECD/IEA 2014 (http://www.iea.org/stats/index.asp), subject to https://www.iea.org/t&c/termsandconditions/",
"EG.ELC.NGAS.ZS","Electricity production from natural gas sources (% of total)","Sources of electricity refer to the inputs used to generate electricity. Gas refers to natural gas but excludes natural gas liquids.","IEA Statistics © OECD/IEA 2014 (http://www.iea.org/stats/index.asp), subject to https://www.iea.org/t&c/termsandconditions/",
"EG.ELC.LOSS.ZS","Electric power transmission and distribution losses (% of output)","Electric power transmission and distribution losses include losses in transmission between sources of supply and points of distribution and in the distribution to consumers, including pilferage.","IEA Statistics © OECD/IEA 2018 (http://www.iea.org/stats/index.asp), subject to https://www.iea.org/t&c/termsandconditions/",
"EG.ELC.HYRO.ZS","Electricity production from hydroelectric sources (% of total)","Sources of electricity refer to the inputs used to generate electricity. Hydropower refers to electricity produced by hydroelectric power plants.","IEA Statistics © OECD/IEA 2014 (http://www.iea.org/stats/index.asp), subject to https://www.iea.org/t&c/termsandconditions/",
"EG.ELC.FOSL.ZS","Electricity production from oil, gas and coal sources (% of total)","Sources of electricity refer to the inputs used to generate electricity. Oil refers to crude oil and petroleum products. Gas refers to natural gas but excludes natural gas liquids. Coal refers to all coal and brown coal, both primary (including hard coal and lignite-brown coal) and derived fuels (including patent fuel, coke oven coke, gas coke, coke oven gas, and blast furnace gas). Peat is also included in this category.","IEA Statistics © OECD/IEA 2014 (http://www.iea.org/stats/index.asp), subject to https://www.iea.org/t&c/termsandconditions/",
"EG.ELC.COAL.ZS","Electricity production from coal sources (% of total)","Sources of electricity refer to the inputs used to generate electricity. Coal refers to all coal and brown coal, both primary (including hard coal and lignite-brown coal) and derived fuels (including patent fuel, coke oven coke, gas coke, coke oven gas, and blast furnace gas). Peat is also included in this category.","IEA Statistics © OECD/IEA 2014 (http://www.iea.org/stats/index.asp), subject to https://www.iea.org/t&c/termsandconditions/",
"EG.ELC.ACCS.ZS","Access to electricity (% of population)","Access to electricity is the percentage of population with access to electricity. Electrification data are collected from industry, national surveys and international sources.","World Bank, Sustainable Energy for All (SE4ALL) database from the SE4ALL Global Tracking Framework led jointly by the World Bank, International Energy Agency, and the Energy Sector Management Assistance Program.",
"EG.ELC.ACCS.UR.ZS","Access to electricity, urban (% of urban population)","Access to electricity, urban is the percentage of urban population with access to electricity.","World Bank, Sustainable Energy for All (SE4ALL) database from the SE4ALL Global Tracking Framework led jointly by the World Bank, International Energy Agency, and the Energy Sector Management Assistance Program.",
"EG.ELC.ACCS.RU.ZS","Access to electricity, rural (% of rural population)","Access to electricity, rural is the percentage of rural population with access to electricity.","World Bank, Sustainable Energy for All (SE4ALL) database from the SE4ALL Global Tracking Framework led jointly by the World Bank, International Energy Agency, and the Energy Sector Management Assistance Program.",
"EG.EGY.PRIM.PP.KD","Energy intensity level of primary energy (MJ/$2011 PPP GDP)","Energy intensity level of primary energy is the ratio between energy supply and gross domestic product measured at purchasing power parity. Energy intensity is an indication of how much energy is used to produce one unit of economic output. Lower ratio indicates that less energy is used to produce one unit of output.","World Bank, Sustainable Energy for All (SE4ALL) database from the SE4ALL Global Tracking Framework led jointly by the World Bank, International Energy Agency, and the Energy Sector Management Assistance Program.",
